sample,g__Abiotrophia,g__Acetanaerobacterium,g__Acidaminococcus,g__Acinetobacter,g__Actinomyces,g__Adlercreutzia,g__Aeromonas,g__Akkermansia,g__Aliihoeflea,g__Alistipes,g__Allisonella,g__Alloprevotella,g__Anaerofilum,g__Anaerosporobacter,g__Anaerostipes,g__Anaerotruncus,g__Anaerovibrio,g__Atopobium,g__Bacteroides,g__Barnesiella,g__Bifidobacterium,g__Bilophila,g__Blastococcus,g__Blautia,g__Butyricicoccus,g__Butyricimonas,g__Butyrivibrio,g__Campylobacter,g__Candidatus_Soleaferrea,g__Candidatus_Stoquefichus,g__Caproiciproducens,g__Catabacter,g__Catenibacterium,g__Christensenella,g__Christensenellaceae_R-7_group,g__Cloacibacillus,g__Clostridium_sensu_stricto_1,g__Clostridium_sensu_stricto_13,g__Collinsella,g__Comamonas,g__Coprobacillus,g__Coprobacter,g__Coprococcus_1,g__Coprococcus_2,g__Coprococcus_3,g__Corynebacterium,g__Defluviitaleaceae_UCG-011,g__Desulfovibrio,g__Dialister,g__Dielma,g__Dorea,g__Eggerthella,g__Eisenbergiella,g__Epulopiscium,g__Erysipelatoclostridium,g__Erysipelotrichaceae_UCG-003,g__Escherichia-Shigella,g__Eubacterium,g__Ezakiella,g__Faecalibacterium,g__Faecalicoccus,g__Faecalitalea,g__Family_XIII_AD3011_group,g__Family_XIII_UCG-001,g__Flavonifractor,g__Fusicatenibacter,g__Fusobacterium,g__Gelria,g__Gemella,g__Gordonibacter,g__Granulicatella,g__Haemophilus,g__Halomonas,g__Helicobacter,g__Holdemanella,g__Holdemania,g__Hydrogenoanaerobacterium,g__Intestinibacter,g__Intestinimonas,g__Klebsiella,g__Lachnoanaerobaculum,g__Lachnoclostridium,g__Lachnospira,g__Lachnospiraceae_FCS020_group,g__Lachnospiraceae_ND3007_group,g__Lachnospiraceae_NK4A136_group,g__Lachnospiraceae_UCG-001,g__Lachnospiraceae_UCG-003,g__Lachnospiraceae_UCG-004,g__Lachnospiraceae_UCG-008,g__Lachnospiraceae_UCG-010,g__Lactobacillus,g__Lactococcus,g__Leuconostoc,g__Marvinbryantia,g__Megamonas,g__Megasphaera,g__Mitsuokella,g__Mogibacterium,g__Morganella,g__Moryella,g__Neisseria,g__Nesterenkonia,g__Odoribacter,g__Olsenella,g__Oscillibacter,g__Oxalobacter,g__Paludibacter,g__Papillibacter,g__Parabacteroides,g__Paraeggerthella,g__Paraprevotella,g__Parasutterella,g__Pelagibacterium,g__Peptococcus,g__Peptoniphilus,g__Phascolarctobacterium,g__Prevotella,g__Prevotella_2,g__Prevotella_6,g__Prevotella_7,g__Prevotella_9,g__Prevotellaceae_NK3B31_group,g__Proteus,g__Pseudobutyrivibrio,g__Pyramidobacter,g__Rhizobium,g__Rikenella,g__Rikenellaceae_RC9_gut_group,g__Roseburia,g__Rothia,g__Ruminiclostridium,g__Ruminiclostridium_5,g__Ruminiclostridium_6,g__Ruminiclostridium_9,g__Ruminococcaceae_NK4A214_group,g__Ruminococcaceae_UCG-002,g__Ruminococcaceae_UCG-003,g__Ruminococcaceae_UCG-004,g__Ruminococcaceae_UCG-005,g__Ruminococcaceae_UCG-008,g__Ruminococcaceae_UCG-009,g__Ruminococcaceae_UCG-010,g__Ruminococcaceae_UCG-013,g__Ruminococcaceae_UCG-014,g__Ruminococcus_1,g__Ruminococcus_2,g__Scardovia,g__Sellimonas,g__Senegalimassilia,g__Shuttleworthia,g__Slackia,g__Solobacterium,g__Sphingomonas,g__Streptococcus,g__Subdoligranulum,g__Succinatimonas,g__Succiniclasticum,g__Succinivibrio,g__Sutterella,g__Synergistes,g__Terrisporobacter,g__Turicibacter,g__Tyzzerella,g__Tyzzerella_3,g__Tyzzerella_4,g__Veillonella,g__Victivallis,g__Weissella,g__[Clostridium]_innocuum_group,g__[Eubacterium]_brachy_group,g__[Eubacterium]_coprostanoligenes_group,g__[Eubacterium]_eligens_group,g__[Eubacterium]_fissicatena_group,g__[Eubacterium]_hallii_group,g__[Eubacterium]_nodatum_group,g__[Eubacterium]_rectale_group,g__[Eubacterium]_ruminantium_group,g__[Eubacterium]_ventriosum_group,g__[Eubacterium]_xylanophilum_group,g__[Ruminococcus]_gnavus_group,g__[Ruminococcus]_torques_group,g__norank_c__Cyanobacteria,g__norank_f__Bacteroidales_S24-7_group,g__norank_f__Christensenellaceae,g__norank_f__Clostridiales_vadinBB60_group,g__norank_f__Coriobacteriaceae,g__norank_f__Erysipelotrichaceae,g__norank_f__Flavobacteriaceae,g__norank_f__Lachnospiraceae,g__norank_f__Mitochondria,g__norank_f__Peptococcaceae,g__norank_f__Phyllobacteriaceae,g__norank_f__Prevotellaceae,g__norank_f__Rhodospirillaceae,g__norank_f__Ruminococcaceae,g__norank_f__Veillonellaceae,g__norank_f__Victivallaceae,g__norank_f__Xanthomonadaceae,g__norank_f__vadinBE97,g__norank_o__Bacteroidales,g__norank_o__Gastranaerophilales,g__norank_o__Mollicutes_RF9,g__norank_o__NB1-n,g__norank_o__Opitutae_vadinHA64,g__unclassified_f__Christensenellaceae,g__unclassified_f__Coriobacteriaceae,g__unclassified_f__Lachnospiraceae,g__unclassified_f__Peptostreptococcaceae,g__unclassified_f__Porphyromonadaceae,g__unclassified_f__Ruminococcaceae,g__unclassified_k__norank,g__unclassified_o__Clostridiales,g__unclassified_o__Rhizobiales,g__unclassified_p__Proteobacteria
0,0,0,0,0,6.11E-05,0.000976861,0,0.004640088,0,0.122046523,0.000122108,0,0,0,0,0.020025643,0,0,0.491299835,0,0.00048843,0.000610538,0,0.007082239,0.000854753,6.11E-05,0,0,0.000366323,0,0,0,0,0,0,0,0,0,0.003052689,0,0,0,0,0,0,0,0,0,0.000610538,0,0.001160022,0.000183161,0.001465291,0,0.002503205,0.000610538,0.011294951,0,0.000183161,0.077049881,0,6.11E-05,0,0,0.004762195,0.004579034,0.001587398,0,0,0,0.002014775,0,0,0,0,0.00128213,0,0.000183161,0,6.11E-05,0,0.025215215,0.004273765,0,0,0.000732645,0,0,0.003113743,0,0.000915807,0.000976861,0,0,0,0,0,0,0,0,0,0,0,0,0,0,0,0,0,0.057634776,0,0,0,0,0,6.11E-05,0.024299408,0.000854753,0,0.002869528,0,0,0,0,0,0,0,0,0,0.000671592,0,0,0.004579034,0,0.007326455,0,0,0.000183161,0,0,0,0,0,0,0,0.000793699,0.025276268,0,0,0,0,0,0,0,0.001343183,0,0,0,0,0.030343733,0,0,0,0.000122108,0.00048843,0,0,0,0,0.000183161,0,0.002686367,0.001160022,0.000122108,0.000183161,0,0.002686367,0,0.000549484,0,0.00274742,0.000793699,6.11E-05,0,0,0,0,0,0,0.003174797,0,0,0,0,0,0.019842481,0.002320044,0,0,0,0,0,0,0,0,0,0,0.009768606,0,0,0.000244215,0.000122108,0,0,0
0,0,0,0,0,6.11E-05,6.11E-05,0,0,0,6.11E-05,0.000854753,0,0,0,6.11E-05,0,0,0,0.23835399,0,0.000854753,0,0,0.000122108,6.11E-05,0,0,0,0,0,0,0,0,0,0,0,0.003480066,0,0.00048843,0,0,0,0,0,0,0,0,0,0.000122108,0,0,0,0,0,0.000183161,0,0.007387508,0,0,0.000122108,0,0,0,0,6.11E-05,0.005494841,0.000122108,0,0,0,0.001098968,0,0,0,0,0,0,0,0,0,0,0.001953721,0.01337078,0,0,0,0,0,0.000244215,0,0,0.469381525,6.11E-05,0,0,0,0.189572013,0,0,0,0,0,0,0,0,0,0,0,0,0.000122108,0,0,0.032846938,0,0,0,6.11E-05,0,0,0,0,0,0,0,0,0,0,0,0,0,0,0,0.000305269,0,6.11E-05,0,0,0,0,0,0,0,0,0,0,0,0,0,0,0,0,0,0,0,0.004579034,0,0,0,0,0,0,0,0.000122108,0,0,0,0.000976861,0,0,0,0,6.11E-05,0,0,0,6.11E-05,0.000244215,0,0,0,0.024238354,0,0,0,0,0,0,0,0,0.000305269,0,0,0,0,0,6.11E-05,0,0,0,0,0,0,0,0,0,0,0,0.000427377,0.001831614,0,0,6.11E-05,0,0,0
0,0,0,0,0,0.000122108,0,0,0,0,0,0,0,0,0,0,0,0,0,0.429024971,0,0,0,0,0.00128213,0.00128213,0,0,0,0,0,0,0,0,0,0,0,0,0,0,0,0,0,0,0,0,6.11E-05,0,0,0.001709506,0,0,0,6.11E-05,0,0.001587398,0,0.00177056,0,0,0.000122108,0,0.001160022,0,0,0.022589902,0,0,0,0.000122108,0,0.00048843,0,0,0,0,0.000915807,0,0.005494841,0,0.032969046,0,0.007021186,0,0.000183161,0,0.010134929,0,0,6.11E-05,0,0,0.000244215,0,0,0,0,0.000305269,0,0,0,0.000122108,0,0,0,0,0,0,0,0,0.000122108,0,0,0.131143537,0,0,0,6.11E-05,0,0,0,0,0,0,0,0,0,0,0,0,0.016179254,0,0,0.000610538,0,0.0330301,0,0,0,0,0,0,0,0,0.0080591,0,0.000915807,6.11E-05,0,0.000732645,0,0,0,0,0,0.005189572,0,0,0,0,6.11E-05,0,6.11E-05,0,0,0,0.00048843,0.015935039,0,0,0.000244215,0,0,0.007326455,0,0.000244215,0,0.226570609,0,6.11E-05,0,0.019231943,0.011294951,0.002320044,0,0,0,0.000183161,0,0,0.000305269,0.000122108,0,0,0,0,0.000427377,0,0,0,0,0,0,0,0,0,0,0,0.000183161,0,0,0,0,0,0,0
0,0,0,0,0,0,0.000366323,0,0,0,0.055681055,0,0,0.000122108,0,0.001098968,0.000976861,0,0,0.567800232,0,0.000976861,0.000122108,0,0.002564259,0.000427377,0.010257036,0,0,0,0,0,0.000122108,0,0.000122108,0.001892667,0,0,0,0,0,0,0,0.000122108,0,0,0,0,0,0.018132975,0,6.11E-05,0.000244215,0.000366323,0,0.001465291,0.001587398,0.001160022,0,0,0.049941999,0,0.000244215,0.000427377,0,0.021368826,0.000427377,0,0,0,0,0,0,0,0,0,0.000122108,0,6.11E-05,0.000244215,6.11E-05,0,0.002503205,0.00531168,6.11E-05,6.11E-05,0.003968496,0,0,0,0,0.000366323,6.11E-05,0,0,0,0,0,0,0,0,0,0,0,0,0.000671592,6.11E-05,0.000671592,0,0,0.082666829,0,0,0.001709506,0,0,0,0.000244215,0,0,0,0,0,0,0,0,0,0,0,0,0.001221076,0,0,0.001526345,0,0.011539166,0.00128213,0,0,0,0.005372733,0,0.000915807,0,0.00048843,0,0.037242811,0.016667684,0,0.00048843,0,6.11E-05,0,0,0,0.000854753,0.010195983,0,0,0,0.01660663,0,0,0,0.000122108,0.000732645,0.002381098,0.000122108,0,0,0.000244215,0,0.000549484,0.004640088,0.000366323,6.11E-05,0,0.001404237,0,0.000305269,0,0.000366323,0.010989682,6.11E-05,0,6.11E-05,6.11E-05,0.000976861,0.000244215,0,0.000366323,0,0,0,0,0,0.020514073,0,0,0,0,0,0,0,0,0,0.000122108,0,0.000244215,0.000366323,0,0.013126565,6.11E-05,0.000122108,0,0
0,0,0,0,0,6.11E-05,0,0,0,0,6.11E-05,0,0,0,0,0.001831614,0,0,0,0.756639599,0,0.000610538,0,0,0.001526345,0.007631724,6.11E-05,0,0,0,0,0,0,0,0,0,0,0.000244215,0,0,0,6.11E-05,0,0,0,0,0,0,0,0.003174797,0,0.000671592,0.000244215,0.000183161,0,0.000366323,0,0.006838024,0,0,0.114964284,0,0,0,0,0.001465291,0.001709506,0.002136883,0,0,0,0.000244215,0.000305269,0,0,0,0,0,0.000122108,0,0,0,0.00982966,0.011905489,6.11E-05,0,0,0,0,0.005067464,0,0.003113743,0.000183161,0,0,0,0,6.11E-05,0,0,0,0,0,0,0,0,0,0,0,0,0.023933085,0,0,6.11E-05,0,0,0,0,0,6.11E-05,0,0,0,0,0,0,0,0,0,0,0.000793699,0,0,0.000427377,0,0,0,0,0,0,0,0,0,0,0,0,0.000305269,0.006044325,0,0,0,0,0,0,0,0.000854753,0,0,0,0,6.11E-05,0,0,0,0.000122108,0,0,0.005494841,0,0,0.000122108,0,0,0,0.000183161,0,0,0.000122108,0,0.002503205,0,0.003846389,0.003113743,0.000122108,0,0,0,0,0,0,0.010806521,0,0,0,0,0,0.001648452,0.000122108,0,0,0,0,0,0,0,0,0,0,0.007448562,0.000183161,0,0.000183161,6.11E-05,0,0,0
0,0,0,0,0,0,0,0,0,0,0.000122108,0,0,0,0,0,0.000976861,0,0,0.475181635,0,0.002381098,0.001098968,0,0.001037914,0.000915807,0.010012821,0,0,0,0,0,0,0,0,6.11E-05,0,0,0,0,0,0,6.11E-05,0.001037914,0,0.002136883,0,0,0,0,0.000549484,6.11E-05,0.000183161,0,0,0.000366323,0,0.001160022,0,0,0.02063618,0,0.000183161,0,0,0.014164479,6.11E-05,0.001587398,0,0,6.11E-05,6.11E-05,6.11E-05,0,0,0,0,0,0,6.11E-05,0.052994688,0,0.009463337,0.005372733,0,0,0.00048843,0,0,0.002075829,0,0.000366323,6.11E-05,0,0,0,0.102692472,0,0,0,0,0,0,0,0,0,0,0,0,0,0.14891019,0,0,0.060137982,0,0,0,0.039929178,0,0,0,0,0,0,0,0,0,0,0,0,0.003968496,6.11E-05,0,0.001404237,0,0.00177056,0,0,0,0,0,0,0,0,0.00128213,0.000122108,0,0.003419012,0,0,0,0,0,0,0,0.000549484,0,0,0,0,0,0,0,6.11E-05,0.001160022,0.001160022,0,0.000183161,0,0,0.000183161,0,0,0,0.000183161,0,0,0.000305269,0,0.000366323,0,0.00048843,0.001587398,0,0,0,0,0.000244215,0,0,0.006227486,0,0,0,0,0,0.013004457,0,0,0,0,0,0,0,0,0,0,0,0.005433787,6.11E-05,0,6.11E-05,0,0,0,0
0,0,0,0,6.11E-05,6.11E-05,0,0,0,0,6.11E-05,0,0,0,0.002503205,0.000183161,0,0,0.000122108,0.367665914,0,0.000610538,0,0,0.022345687,0.00048843,0,0,0,0,0,0,0,0,0,6.11E-05,0,0.002197936,0.00048843,0,0,0,0.000122108,0,0,0,0,0,0,0.000122108,0,0,0.000427377,0,0.000305269,0.008974907,0,0.015019232,0,0,0.136027841,0,0,0,0,0,0.002625313,6.11E-05,0,6.11E-05,0,0.000915807,0.001587398,0,0,0,0,0,0.000305269,6.11E-05,0.001953721,0,0,0.04432505,0,0.000305269,0.006899078,0,0,0,0,0,0.005861164,0,0,0,6.11E-05,0,0,6.11E-05,0.001343183,0,0,0,0,0,0,0,0,0,0.003724281,0,0,0.225654802,0,0,0,0,0,6.11E-05,0,0,0,0,0.000610538,0,0,0,0,0,0.000610538,0,6.11E-05,0.000305269,0.007021186,6.11E-05,0,0,0,0,0,0,0,0,0.010928628,0,0.022712009,0,0,0.017766652,0,0,0,0,0,0.014897124,0,0,0,0,0,0,0,0.000183161,0,0,0,0.053544172,0,0,0.009219122,0,6.11E-05,0.001587398,0,0,0,6.11E-05,0,0,0,0,0.000671592,0,0,0,0,0,0,0,0.002014775,0,0,0,0,0,0.001953721,0,0,0,0,0,0,0,0,0,0,0,0.000671592,0.001343183,0,0,0,0,0,0
1,0,0,0,0,0,6.11E-05,0,0.004701142,0,0.064167532,0,0,0,0,0.000122108,0.013737102,0,0,0.459063435,0,0.000793699,0.001892667,0,0.003113743,0.003785335,0,0,0,0,0,0.000183161,0,0,0,0.005494841,0.000183161,0,0,6.11E-05,0,0,0.012516027,6.11E-05,0,0.000610538,0,0,0.003174797,6.11E-05,0,0.00128213,0,0,0,0,0.001953721,0.000976861,0,0,0.0330301,0,0,0.001037914,0.000915807,0.000671592,0.00451798,0,0,0.000183161,0,0,0,0,0,0,0.000244215,0,0,0.00048843,6.11E-05,6.11E-05,0.004334819,0.015385555,0.000183161,0.000122108,0.006532755,0.007326455,0,0.00354112,0,0.004640088,0.000122108,0,0,0.000244215,0.040417608,0.010134929,0,0,0,0,0,0,0.020575127,0,0,0.000244215,0,0.00048843,0.035350143,0,0,0.024665731,6.11E-05,0,0,0.007448562,0,0,0,0,0,0,0,0.000183161,0,0,0,0,0.00531168,0,0,0.000915807,0.000427377,0.002075829,0.003480066,0.06880762,0.007448562,0.000427377,0.016789792,0,0,0.000854753,0.000183161,0,0.005494841,0.001709506,0,0,0,0,0,0,6.11E-05,0.001831614,0.023994139,0,0,0,0,0,0,0,6.11E-05,0.001160022,0,0.000854753,0.001831614,0,0,0,0.000793699,0,0.000122108,0.000305269,0,0.023017278,0,0.00048843,0.004640088,0,0.001831614,0,0.002136883,0.000854753,0,0,0.000122108,0,0.003296905,0,0,0,0,0,0.009951768,0,0,0,0,0,0,0.000976861,6.11E-05,0,0,0,0.004762195,0,0,0.001037914,6.11E-05,0.000610538,0,0
1,0,0,0,0,0,0,0,6.11E-05,0,0.014897124,0,0,0,0,0,0.000671592,0,0,0.593748092,0,0,0.000671592,0,0.000915807,0.00128213,0.003602174,0,0,0,0,0,0,0,0,6.11E-05,6.11E-05,0.00048843,0,0.00177056,0,0,0,0.000427377,0,0.005128518,0,0,0,0,6.11E-05,0,0,0,0,0,0.005861164,0.00128213,0,0,0.013737102,0,0,6.11E-05,0.000793699,0.003846389,0.000183161,0.109530496,0,0,0,6.11E-05,0,0,0,0,0.000122108,0,0,0.000183161,6.11E-05,0,0.003419012,0.011294951,0.000183161,0.000305269,0.002442152,0,0,0.002869528,0,0.000427377,0.000122108,0,0,0,0.07607302,0,0,0,0,0,0,0,0.00225899,0,0,6.11E-05,0,0,0.027474205,0,0,0.011783381,0,0,0,0.006105379,0,6.11E-05,0,0,0.000122108,0,0,0.001953721,0,0,0,0,0.005983271,0,0,6.11E-05,0,0.00048843,0.000915807,0.003724281,0.001404237,0,0.000122108,0,0,0,0.000854753,0,0.006471702,0.000366323,0,0,0,0,0,0,0,0.000122108,0.005739056,0,0,0,0.018743513,0,0,6.11E-05,0.000122108,0.000366323,6.11E-05,0.000122108,0.000366323,0,0,0,0.000305269,0,0,0.000122108,0,0.029000549,0.002197936,0.000122108,0,0.000976861,0.002136883,0,0.000427377,6.11E-05,6.11E-05,0,0,0,0.004823249,0,0,0,0,0,0.000732645,0,0,0,0,0,0,0,0,0,0,0,0.005983271,0.000305269,0,0,0,6.11E-05,6.11E-05,0
1,0,0,0,0,0,0,0,0,0,0.036388058,0,0,0,0,0.001831614,0.000122108,0,0,0.522986751,0,0,0.000549484,0,0.010806521,0.001160022,0.008486477,0,0,0,0,0,0,0,0,0.014103425,0,0,0,0,6.11E-05,0,0,0.000549484,0.015873985,0.000183161,0,0,0,0,0,0.000305269,6.11E-05,0,0,6.11E-05,0.001526345,0.000244215,0,0,0.071127663,0,0,6.11E-05,0.000122108,0.000122108,0.000854753,0,0,0,0,0,0,0,0,0,0.000122108,0,0,0.000244215,0.000366323,0,0.002930582,0.001037914,0.000122108,0.001709506,0.004334819,0.002320044,0,0.002381098,0,0.000915807,0.000122108,0,0,0.000366323,0,0,0,0,0,0.000183161,0,0,0.006410648,0,0.00048843,0,0,6.11E-05,0.026802613,0,0,0.015019232,0,0.00048843,0,0.006227486,0,0,0,0,0,0,0,0,0,0,0,0,0.00628854,0,0,0.000122108,6.11E-05,0.00048843,0.016301361,0.023261493,0.004945357,0.000732645,0.004884303,0,0,0.000122108,0.000976861,0.012638134,0.015690824,0.071677148,0,0,0,0,0,0,0,6.11E-05,0.02191831,0,0,0,0.015263447,0,0,0,0,0.000915807,0.000244215,0,0,0,0,0,0.003907442,0.006166433,6.11E-05,0.00048843,0,0.0080591,0,0.005739056,0.003235851,6.11E-05,0.003907442,0.000122108,0,0,0,0,0,0,0.003724281,0.000122108,0,0,0,0,0.002625313,0,0,0,0,0,0,0.001037914,0,0,0,0,0.003602174,0,0,0.000305269,0,0,0,0
1,0,0,0,0,0,0,0,0,0,0.000122108,0,0,0,0,0.000122108,0,0,0,0.711154527,0,0,0,0,0.000854753,0.001831614,0,0,0,0,0,0,0,0,0,6.11E-05,0,0,0,0,0,0,0,6.11E-05,0,0,0,0,0,0,0,0,0.000183161,0,0,0,0.000366323,0.00048843,0,0,0.00048843,0,0,0,0,0.017339276,6.11E-05,0,0,0,0,6.11E-05,6.11E-05,0,0,0,0,0,0,0,0.000305269,0,0.005739056,0.001709506,0,6.11E-05,0.000854753,0,0,0.001526345,0,0.000183161,0,0,0,0,0.097747115,0,0,0,0,0,0,0,0,0,0,0,0,0,0.03125954,0,6.11E-05,6.11E-05,0,0,0,0.011233897,0,0,0,0,0.000244215,0,0,0,0,0,0,0,0.002014775,0,0,0.000732645,0,0,0,6.11E-05,6.11E-05,0,0,0,0,0,0,0,0.000915807,0.000915807,0,0,0,0,0,0,0.000366323,0.000732645,6.11E-05,0,0,0,0.081628915,0,0,0,0.000305269,0,0.001343183,0,0,0,6.11E-05,0,6.11E-05,0.002686367,0,0,0,0.005922217,0.000122108,0,0,0.007448562,0.000305269,6.11E-05,0,0,0,0,0,0,0.00354112,0,0,0,0,0,0.000366323,0.000671592,0,0,0,0,0,0,0,0,0,0,0.005250626,6.11E-05,0,0,0,0,6.11E-05,0
1,0,0,0,0,0,0.000427377,0,0.000305269,0,0.223517919,0,0,6.11E-05,0,0.001648452,0.01208865,0,0,0.377800843,0,0.003235851,0.000305269,0,0.005739056,0.00225899,0.011233897,0,0,6.11E-05,0,0,0,0,0,0.044263997,0,0,0,0.002381098,0,0,0.000122108,0.000122108,0.009402283,0.000244215,0,0,0,0.017705599,6.11E-05,0.000427377,0,0.000305269,0,0.000183161,0.003235851,0.000976861,0,0,0.020330912,0,6.11E-05,0.000671592,0.000854753,0.000427377,0.001098968,0,0,0,0,0,0,0,0,0,0.000244215,0.001037914,6.11E-05,0.001465291,6.11E-05,0,0.003174797,6.11E-05,6.11E-05,0.002075829,0.002686367,0.000244215,0,0.000671592,0,0.000915807,0.000244215,0,0,0,0,0,0,0,0,0,0,0,0.003907442,0,0,0,0,0.000122108,0.01562977,0,0,0.002930582,0,0.000183161,0,0,0,0,0,0,6.11E-05,0.000610538,0,0.000244215,0,0,0,0,0.00048843,0,0,0.001343183,0,0.002442152,0.007692777,0.038647048,0.002625313,0,0.001526345,0,6.11E-05,0.000732645,0.002320044,0.021613041,0.001526345,0.046156664,0,0,0,0,0,0,0,0.000244215,0.007326455,0,0,0,0.032297454,0,0,0,6.11E-05,0.000976861,0,0,0,0,0,6.11E-05,0.015263447,6.11E-05,6.11E-05,0.000732645,0.000122108,0.002625313,0.000183161,0.000366323,0,0.000305269,0.004762195,0.00128213,0.001160022,0.000244215,0.000549484,6.11E-05,0,0.003235851,0.002442152,0,0,0,0,0,0.004395873,0,0,0,0,0,0,0.001465291,6.11E-05,0,0.000122108,0,0.00934123,0,0,0.004701142,0,0,6.11E-05,0
1,0,0,0,0,0,0,0,0.000793699,6.11E-05,0.036693327,0,0,6.11E-05,0,0.001098968,0.011844435,0,0,0.374992368,0.007082239,0,0.000366323,0,0.006227486,0.009646499,0.002136883,0,0,0,0,0,0,0,0,0.039990231,0,0.000183161,0,0.000366323,0,0,0.010012821,0.000976861,0.005739056,0.000671592,0,6.11E-05,0,0,0,0.000915807,0,6.11E-05,0,6.11E-05,0.00274742,0,0,0,0.02722999,0,0,0.000732645,0.000427377,0.000183161,0.002075829,0,0.000183161,0,0,0,0,0,0,0.029733195,0.000183161,6.11E-05,0,0.000122108,0.001343183,0,0.005739056,0.014958178,0.000366323,0.00048843,0.012027596,0.00128213,0.00177056,0.004945357,0,0.003052689,0,0,0,0.000305269,0,0,0,0,0,0.000122108,0,0,0.005861164,0,0.000671592,0.000305269,0,0,0.064655962,0,0.01837719,0.020758288,0,0.000976861,0,0.012760242,0,0,0,0,0.000122108,0,0,0.000671592,0,0,0,0,0.004945357,0,0.000244215,0.001953721,0.00128213,0.00177056,0.01385921,0.027168936,0.018255083,0.00048843,0.017644545,0,0.000244215,0.004212711,0.002075829,0.018682459,0.015873985,0.006105379,0,0,0.000122108,0,0,0,0,0.000305269,0.011233897,0,0,0,0.001098968,0,0,0,0,0.003602174,0,6.11E-05,0.000366323,0,0,0,0.012638134,0.006227486,6.11E-05,0.000610538,0,0.028695281,0.000305269,0.001709506,0.003846389,0,0.009707552,6.11E-05,0.002686367,0.000366323,0.004090604,0.000122108,0,0,0.007265401,0,6.11E-05,0,0,0.005616949,0.001648452,0,0,0,0,0,0,0.001953721,0.00757067,0,6.11E-05,0,0.005616949,6.11E-05,0,0.001648452,6.11E-05,0.000427377,0,0
1,0,6.11E-05,0,0,0,0.001037914,0,0,0,0.063679101,0,0,0.000366323,0,0.001465291,0.001892667,0,0,0.560473777,6.11E-05,0,0,0,0.004823249,0.000244215,0.013309726,0,0,6.11E-05,0,0,6.11E-05,0,6.11E-05,0.001037914,0,6.11E-05,0,6.11E-05,0,0,0.000122108,0.00048843,6.11E-05,0.000915807,0,0,0.000305269,0,0,0.001037914,0,0.000976861,0,0.000122108,0.00757067,0.000427377,0.000183161,0,0.017644545,0.000305269,6.11E-05,0.000305269,0.000244215,0.000366323,0.000305269,0,0,6.11E-05,0,0,0,0,0,0.001037914,0.000915807,0,0,0.000366323,0.000122108,6.11E-05,0.001343183,0.028573173,6.11E-05,0,0.001465291,0.003052689,0.000122108,0.000183161,0,0.012149704,6.11E-05,6.11E-05,0,6.11E-05,6.11E-05,0,0,0,0,6.11E-05,0,0,0.001831614,0,6.11E-05,0,0,0.000122108,0.033945906,0,0.011356005,0.000549484,0,0,0,0.011111789,0,0,0,0,0.000183161,0,0,0,0,0,0,6.11E-05,0.019476158,0,0,0.017156115,6.11E-05,0.000427377,0.005433787,0.072226632,0.001587398,0.000976861,0.008730692,0,0,6.11E-05,0.013431833,0.000549484,0.000610538,0.000183161,0,6.11E-05,0,0,0,0,0.000244215,0.001404237,0.010134929,0,0,0,0.011417058,0,0,0,0,0.000122108,0.001587398,6.11E-05,6.11E-05,0,0,0,0.000244215,0.007265401,0.000122108,0.001221076,0,0.004212711,0,0.001831614,0.000122108,0.000427377,0.005616949,6.11E-05,6.11E-05,0,6.11E-05,6.11E-05,0,0,0.003357958,0,0,0,0,0.000122108,0.010257036,0,0,0,0,0,0,0.000122108,0.000427377,0,0,0,0.004090604,0.000427377,0,0.002869528,6.11E-05,0.001709506,0,0
1,0,0,0,6.11E-05,0,0,0,0,0,0.000122108,0,0,0,0,0.000244215,0,0,0,0.282556933,0,0.000976861,0.001709506,0,0.002625313,0.000671592,0,0,0.000244215,0,0,0,0,0,0.000183161,6.11E-05,0,0,0,0.000976861,6.11E-05,0,0,0.000122108,0,0.002991636,0,0,0,0.025276268,0,0.000915807,0,0,0,0,0.000976861,0.000732645,0,0,0.050186214,0,0,0,0,6.11E-05,0.00177056,0,0,6.11E-05,0,6.11E-05,0.050064106,0,0,0.030160571,0,0,6.11E-05,0,0.002686367,0,0.000732645,0.027840528,0.000122108,0.000122108,0.002808474,0.002075829,0,0.003235851,0,0.0080591,0.000305269,0,0,0,0.000122108,6.11E-05,0,0,0,0,0,0,0,0,0,0,0,0,0.000122108,0,0,0,0,0,0,0,0,0,0,0,0.34843397,0,0.000305269,0.00048843,0,0,0,0,0.00128213,0,0,0.001831614,0,0,6.11E-05,0,6.11E-05,6.11E-05,6.11E-05,6.11E-05,0,0,0.002197936,6.11E-05,0.000122108,0,0,0,0,0,0,0,0.000244215,0.06172538,0.019354051,0,0,0,0.000183161,0,6.11E-05,0,0,0.000427377,6.11E-05,0.033884853,0,0,0,0,0,0.009097014,0,6.11E-05,0,0.009768606,0,0.000244215,0,0,0.001587398,0.000244215,6.11E-05,0,0,0,0,0,0.002991636,6.11E-05,6.11E-05,0,0,0,6.11E-05,0,0,0,0,0,0,0,0,0,0,0,0.002503205,0,0,0,6.11E-05,0,0,0
1,0,0,0,0.002075829,6.11E-05,0,0,0,0.001221076,0.001526345,0,0,0,0,0.00274742,6.11E-05,0,0,0.40161182,0,0.002381098,6.11E-05,0.00225899,0.015873985,0.004701142,0,0,0,0,0,0,0,6.11E-05,0,0.000549484,0,0.056718969,0,0,0,0,0,6.11E-05,0.000183161,0.00354112,0,0,0,0.000183161,0,0.011966543,0,0,0.001221076,0.000976861,0.021674095,0.115574821,0,0,0.126015019,0,0.00048843,0,0,0,0.000549484,0,0,0,0,0,0.000122108,0.008181208,0,0,0.000671592,0,0.000183161,0.000122108,0.00048843,0,0.003785335,0.002381098,0.000854753,0.004762195,0.022528848,0,0.002442152,0.007936992,0,0.001892667,0,0,0,0.000244215,0,0,0,0,0,0,0,0,6.11E-05,0,0,0,0,0,0.024665731,0,6.11E-05,0,0.002991636,0,0,0.001037914,0,0,0,0,0.000793699,0,0,0.000122108,0,6.11E-05,0,0,0.006654863,0,0,0.000976861,0.001160022,0.000183161,0.000122108,0.000244215,0.000244215,0,6.11E-05,0,0,0,0.000122108,0.000366323,0,0,0,0,0,0,0,0,0,0.012271811,0.006593809,0,0,0,0,0,0.001160022,0.002197936,0,0,0,0,0,0,0,0,0,0.009280176,0,0.001037914,0,0.009280176,0.000244215,0,0,0.047805116,0.003724281,0,0,0,0,6.11E-05,6.11E-05,0,0.019476158,0,0,0.000366323,0,0,0.000183161,0,0,0.000122108,0,0,0,0,0,0,0,0,0.014958178,6.11E-05,0,6.11E-05,0.000183161,0,0,0
1,0,0,6.11E-05,0,0,0,0,0,0,6.11E-05,0.000976861,0,0,0,0.008242261,0,0,0,0.575493009,0,0.000610538,0,0,0.031931131,0,0,0,0,0,0,0,0,0,0,0,0,0.019476158,0,0.005250626,0,0,0,0,0,0,0,0,6.11E-05,0,0,0,0,0,0,0.015996093,6.11E-05,0.102631418,0,0,0.023017278,0,0,0,0,0.001587398,0,0.068563404,0,0.000122108,0,0,6.11E-05,0.000305269,0,0,0,0,6.11E-05,0,0.00128213,0,0.020514073,0.010867574,0,0.002320044,0.000122108,0.013004457,0,0,0,0,0,0,0,0,0,0.00982966,0,6.11E-05,0,0,0,0,0,0,0,0,0,0,0,0,0,0.025825752,6.11E-05,0,0,0,0,0,0,0,0,0,6.11E-05,0,0,0,0,0,0,0,0,0.001343183,0,0,0,0,0,0,0,0,0,0,0,0,0.000305269,0,0,0,0,0,0,0,0,0.002564259,0,0,0,0,0.000244215,0,0,0,0,0,0.010012821,0.018132975,0,0.000244215,0.000976861,0,0,0,0,0.00128213,0,0,0,0.001221076,0,0.017644545,0,0.000122108,0,0,0,0,0,0,0.005555895,0,0,0,0,0,0,0.00177056,0,0,0,0,0,0,0,0,0,0,6.11E-05,0,0,0,0,0,0,0
1,0,0,0,0,6.11E-05,6.11E-05,0,0,6.11E-05,0.037242811,0,0,0,0,0.000976861,0.000793699,0,0,0.481470175,0.002686367,0.000366323,0.001343183,0,0.022101471,0.000854753,0.000854753,0,0,0,0,0.000122108,0,0,6.11E-05,0.002136883,0,0.000732645,0,0,0,0,0.00854753,0.000793699,0,0.000305269,0,0,0,0.019109836,0,0.000854753,6.11E-05,0.000122108,0,0,0.006838024,0.00048843,0,0,0.08767324,0,0,6.11E-05,0,0.001648452,0.004090604,0.001037914,0,0,0,0.000122108,0.000122108,0.000122108,0,0.000915807,0.000183161,0,0,6.11E-05,0.000183161,0,0.01257708,0.026924721,0.001648452,0,0.008364369,0,0,0.004090604,0,0.001831614,0,0,0,0.000244215,0.009097014,0.003419012,0,0,0,0.000305269,0,0,0.003052689,0,0,0,0,0.001526345,0.011783381,0,0.015935039,0.002930582,0,0,0,0.000976861,0,0,0,0,0.001221076,0,0,0.000732645,0,0,0,0,0.012943403,0,0,0.001160022,0.002625313,0.000549484,0.003907442,0.011905489,0.005433787,0,0.000305269,0,0,0,6.11E-05,0,0,0.002381098,0,0,0,0,0,0,0,0.000183161,0.013431833,0,0,0,0.015568716,0,0.000122108,0,0,0.000244215,6.11E-05,0,0,0,0,0,0.032175346,0.014775017,0.000183161,0.00402955,0,0.023749924,0,0.000427377,0,0.000122108,0.001892667,0.001160022,0.02191831,0.000122108,0,0,0,6.11E-05,0.01031809,0,0,0,0,0,0.00354112,0,0,0,0,0,0.017461383,0,0,0,0,0,0.003724281,0,0,0.001343183,0,0.000183161,0,0
1,0,0,0,6.11E-05,6.11E-05,0,0,0,0,0.03046584,0,0,0,0,0.013981318,0.000122108,0,6.11E-05,0.607363087,0,0,0,0,0.053849441,0.000427377,0.000122108,0,0,0,0,0,0,0,0,0,0,0,0,0.00274742,0,0,0,0,0,0.007509616,0,0,0,0.000732645,0,0.007509616,0,0,0,0.000366323,0,0.006227486,0,0,0.002442152,0,0.000244215,0,0,0.002503205,0.003052689,0,0,6.11E-05,0,6.11E-05,6.11E-05,0.000122108,0,0,0,0,0,0,0.000122108,0,0.015996093,0.000183161,0,0,0,0,0,0.001037914,0,0.004151658,0,0,0,0.000122108,0,0,0,0,0,0,0,0,0.001221076,0,0,0,0,0,0.057146346,0,0,0.074851945,6.11E-05,0,0,0.022712009,0,0,0,0,0,0,0,0.000305269,0,0,0,0,0.000976861,0,0,0.000244215,0,0.000549484,6.11E-05,0.000427377,0.000366323,0,0,0,0,0,0.000122108,0,0,0,0,0,0,0,0,0,0,0.001465291,0.000793699,0,0,0,0,0,0,6.11E-05,0,0,0,0,0,0,0,0,0,0.000122108,0,0.005739056,0,0.011844435,0,0.000549484,0,0.007204347,0.008913853,0,0,0,0,0,0,0,0.030160571,0,0,0,0,0,0.000244215,0,0,0,0,0,0,0,0,0,0,0,0.01208865,0,0,0,0,0,0,0
1,0,0,0,0.000366323,0.003174797,0.001526345,0,0,0.000122108,0.066670737,0.000183161,0,0.000183161,0,0.002197936,0.002136883,0,0.000366323,0.133341474,0.00402955,0.000122108,0.00274742,0,0.018743513,0.000793699,0.002991636,0,0,6.11E-05,0,6.11E-05,0,0,6.11E-05,0.014164479,6.11E-05,0.000366323,0,0.010562305,0,0,0,0.001098968,0.004884303,0.001343183,6.11E-05,0.000244215,0,0.094389157,0,0.003907442,6.11E-05,6.11E-05,0,0.000122108,0.00934123,0.004640088,0,0,0.035044875,0,0,0.001526345,0.000244215,0,0.009524391,0,0,6.11E-05,0.000549484,6.11E-05,0,0.000549484,0,0,0.000122108,0,0.000793699,0,0.000366323,0,0.001160022,0.000671592,0.001648452,0.000793699,0.002991636,0.000366323,0,6.11E-05,0,0.000549484,0,0,0,0.001037914,0,0,0,0.000549484,0,0.000183161,0,0,0.005372733,6.11E-05,0.000244215,0.001526345,0,0.000183161,0.057329507,0,0.015385555,0.000610538,0.000366323,0.000122108,0,0.032602723,0.000122108,0,0,0.016667684,0.018804567,0,0,0.000366323,0,0,0,0,0.007021186,0,0,0.000366323,0,0.000305269,0.009097014,0.035716466,0.001709506,0.000366323,0.01562977,0,0.000183161,0.002320044,0.004640088,0.112888455,0.001037914,6.11E-05,0,0,0,0,0,6.11E-05,0,0.000549484,0.015507662,0,0,0,6.11E-05,0,6.11E-05,0.000183161,0,0,0,0,0,6.11E-05,0.000122108,0,0.0161182,0.001892667,0.000122108,0.003052689,0,0.014836071,0.002014775,0.00048843,0,0.000244215,0.010195983,0.001648452,0.083826851,0.000122108,0.002197936,0.000854753,0,0,0.001526345,6.11E-05,0,0,0,0,0.001526345,0,0,6.11E-05,0,0,0,0.053849441,0,0,0,0.000183161,0.000976861,0.001098968,0,0.000366323,6.11E-05,0,0,0.000915807
0,0,0,0,0,0,0.000122108,0,0,0,0.020514073,0,0,0,0,0.002991636,0.001465291,0,0,0.277489468,0,0,0.000549484,0,0.014836071,0.003235851,0.003907442,0,0,6.11E-05,0,0,0,0,0,0.000671592,0,0.015080286,0,0.000854753,0,0,0,0.001648452,0.001709506,0.005250626,0,0,0,6.11E-05,0,0.005494841,0,0,0,0.001343183,0.063801209,0.006044325,0,0,0.060321143,0,0.000122108,0.000671592,0,0.001160022,0.001160022,0,0,0,0,0,0.000122108,0,0,0,0.000244215,0,0,0.000183161,6.11E-05,0,0.007143293,0.002320044,0.000183161,0.001404237,0.032724831,6.11E-05,0.000366323,0.004945357,0,0.010989682,0,0,0,6.11E-05,0,0,0,0,0,6.11E-05,6.11E-05,0,0,0,0,0,0,0.000305269,0.010440198,0,0,0.03174797,0,0.000427377,0,0.010867574,0,0,0,0,0.266927163,0,0,0.001404237,0,0,0,0,0.014897124,0,0,0.000366323,0,0.001160022,0.00048843,0.009402283,0.004456927,6.11E-05,0.002320044,0,0,0,0.000549484,0.004884303,0.000854753,0.001404237,0,0,0,0,0,0,0,0.001221076,0.008913853,0,0,0,0,0,0,0.000122108,0,0,0,0.010012821,0,0,6.11E-05,0,0.000671592,0.001221076,0,0.000976861,0,0.012393919,0.00274742,0.00128213,0,0.008608584,0.016728738,0.000305269,6.11E-05,0,0,6.11E-05,0,0,0.007998046,0,0,0,0,0,0.000732645,0,0,0,0,0,0,0.003480066,0,0,0,0,0.007387508,0.000183161,0,0.000183161,0.000183161,0,0,0
1,0,0,0,0.000305269,0.001098968,0.001160022,0,0.014469748,0,0.086269003,0,0,0,0,0.017705599,0.000610538,0,0.000244215,0.179192869,0,0.013798156,0.000976861,0,0.057024238,0.002808474,0.000793699,0,0,0.000122108,0,0.000427377,0.000122108,0,0,0.00854753,0,0,0,0.024848892,0,6.11E-05,0,0.001648452,0,0.00982966,0,0,6.11E-05,0.090054338,6.11E-05,0.008425423,0.001709506,0,0,0.000305269,0.024970999,0.000183161,0,0,0.035716466,0,6.11E-05,0.002197936,0.000427377,0.000183161,0.010684413,0,0,6.11E-05,0.00177056,6.11E-05,0,0.000549484,0,0.01385921,0.000183161,0,0,0.000671592,0,0,0.005861164,0.000854753,0.000732645,0.001648452,0.004090604,0,0,0.000122108,0,0.009463337,6.11E-05,0,0,0.000549484,0,0,0,0,0,0.000366323,0,0,0.004884303,6.11E-05,0,0,0,6.11E-05,0.020453019,0,0,0,6.11E-05,0,0,0,0,0,0,0,0.026253129,0,0,0.00177056,0,0,0,0,0.002930582,0,0,0.020453019,0,0.000122108,0.044080835,0.033457476,0.004395873,0.001831614,0.000610538,0,0,0,0.001953721,0,0.008181208,0.009035961,0.000122108,0.000122108,0,0,0,0,0,0.00177056,0.013676049,0,0,0,0.002136883,0,0,0,0,0,0,0,0,0,6.11E-05,0.000732645,0.01160022,0.006044325,0.000366323,0.019354051,0,0.022650955,0.03046584,0.000610538,0,0.000976861,0.002197936,0.000305269,0,0,0,0.000915807,0,0,0.000610538,0,0,6.11E-05,0,0,0.004212711,0,0,0,0,0,6.11E-05,0.056596862,0,0,0,0.000122108,0.001037914,0.002503205,0,0.00177056,0.000305269,0,0,0
0,0,0,0,0,0.000183161,0.000122108,0,0,0,0.065388607,0.000671592,0.012332865,0,0,0.000366323,0.002197936,0,6.11E-05,0.367360645,0.008364369,0.009585445,0.002564259,0,0.00128213,0.007509616,0.000976861,0,0,0.000610538,0,0,6.11E-05,0,0.000122108,0.000366323,0,0.000610538,0,0.004823249,0,0,0.00177056,0.000610538,0,0.000732645,0,6.11E-05,0.001343183,0.000122108,0.000244215,0.001465291,0.000671592,0.000854753,0,0.000915807,0.000549484,0.00854753,0.000122108,6.11E-05,0.120581232,0,0.00048843,6.11E-05,0.000793699,0.008852799,6.11E-05,0,0,0,0.000610538,0.000671592,0,0,0,0,0.001648452,0,0.000122108,0.000366323,0.008913853,0,0.020575127,0.00128213,0.000122108,0,0.00048843,0,0,0.004823249,0,0.000366323,0.000366323,0,0,0,0,0,0,0,0,0,0,0,0.006960132,0,0,0,0,0.000305269,0.048781977,0,0,0.041821845,0,0,0,0,0,0,0,0,0.056902131,0,0,0,0,0,0,0,0.000244215,0,0,0.002320044,0,0.006044325,0.000183161,0.001709506,0.001343183,0,0,0,0.000122108,0,0.001526345,0,6.11E-05,0.021735149,0,6.11E-05,0,0,0,0,0,0.00048843,0.001037914,0,0.006593809,0,0,0,0,0,0,0,0,0.060199035,0.000854753,0,0.000183161,0,0.000976861,0,0.000122108,0.000122108,0,0.002442152,0,0.001037914,0,0.040417608,0.003724281,0,0,0.000122108,0.000122108,6.11E-05,0,0,0.001098968,0,0,0,0,0,0.011172843,0,0,0,0,0,0,0,0,0,0,0.000793699,0.002136883,0,0,0.001343183,0,0,0,0
0,0,0,0,0,0.000427377,0.000732645,0,0,0,0.115147445,0,0,0,0,0.000305269,0.000732645,0,6.11E-05,0.417913182,0,0.000183161,0.003357958,0,0.02063618,6.11E-05,0,0,0,0,0.000244215,0,6.11E-05,0,0,0.000244215,0,0.000366323,0,0,0,0,0,0.000671592,0.01031809,0,0,0.000122108,0,0,0,0,0.000854753,0.000366323,0,0.000732645,0,0.001526345,0.000244215,0,0.008486477,0,0.005250626,0.001098968,0.000427377,0.000671592,0.001892667,0.000305269,0,0.00048843,0.001221076,0.000427377,0.000183161,0.000305269,0,6.11E-05,0.001343183,0,0.000244215,0.000305269,0.021613041,0,0.00451798,0.001831614,0.000305269,0.000366323,0.005372733,0,0,0.000610538,0,0.007753831,0.003724281,0,0,0,6.11E-05,0,0,6.11E-05,0,0,0,0,0,0,0,0,0,0,0.022895171,0,0,0,0,0,0,0.014836071,0,6.11E-05,0,0,6.11E-05,0,0,0,0,0,0,0,0.006044325,0,0,0.006960132,0,0.00048843,0,0.029611087,0.011172843,0.001892667,0,0,0,0,0.015263447,0.052323097,0.002075829,0.014775017,0,0.000549484,6.11E-05,0,0,0,0,0.102387203,0,0,0,0,0,0,0,0,0,0,0.001221076,0,0,0,0.000183161,0,0.035716466,0,0.000305269,0,0.000610538,0.003785335,0,0.001526345,0.001465291,0.001404237,0.006166433,0.000854753,0,0.000183161,0,0.001587398,0,0,0.001221076,0,0.000305269,0,0,0,0.014225533,0,0,0,0,0,0,0,0,0,0.000122108,0.000183161,0.001465291,0.000183161,0,0.001404237,0.000183161,0,0,0
0,0,0,0,0,0.000122108,0,0,0,0,0.001160022,0,0,0,0,0.000793699,0,0,0,0.429635509,0,0.000122108,6.11E-05,0,0.002197936,0.004151658,0,0,0,0,0,0,0,0,0,6.11E-05,0,0.008242261,0,0,0,0,0,6.11E-05,0.000915807,0.001831614,0,0,0,0.010989682,0,0.001587398,0.000183161,0,0,6.11E-05,0.001404237,0.000305269,0,0,0.066426522,0,0.000427377,0,0,0.000366323,0.001648452,0,0,0,0,6.11E-05,0.00128213,0.000122108,0,0,6.11E-05,0,0.000122108,0,0.000793699,0,0.026497344,0.041760791,6.11E-05,0.004823249,0.001098968,0.000427377,0.000732645,0.004579034,0,0.000976861,6.11E-05,6.11E-05,0,0,6.11E-05,0.006471702,0,0,0,0,0,0,0.000732645,0,0,0,0,0,0.046584041,0,0,0.031992185,0,0,0,0,0,0.165761035,0,0,6.11E-05,0,0,0.00048843,0,0,0,0,0.028573173,0,0,0.001160022,0.000427377,0.00048843,0.000427377,0,0.000793699,6.11E-05,6.11E-05,0,0,0,0.003907442,0.002136883,0.001037914,0.002014775,0,0,0,0,0,6.11E-05,0,0.001709506,0.007631724,0,0,0,0,0,0,0.000366323,0,0.000732645,0,0.000183161,0,0,0,0,6.11E-05,0.003419012,0,0.000305269,0,0.03626595,0.00225899,0.000366323,0.000305269,0.00451798,0.010684413,0,0.003968496,0,0,6.11E-05,0,0,0.005983271,0,0,0,0,0,0.000427377,0,0,0,0,0,0,0,0,0,0,0,0.005555895,0.005006411,0,0.000610538,0,0,0,0
0,0,0,0,0,0.000793699,0.001404237,0,0,0,0.07106661,0.004273765,0,0.000244215,0,0.000610538,0.000854753,0,0,0.112094755,0.008181208,0,0.000854753,0,0.009097014,0.002320044,0.005372733,0,0,0.000122108,0,0,6.11E-05,0,6.11E-05,0.005555895,6.11E-05,0.000793699,0,0.052200989,0,0,0,0.000305269,0.00128213,0.002136883,0,0.000366323,0,0,0,0.003052689,0.001160022,0,0,0.003968496,0.000305269,0.003357958,0.000122108,0.000549484,0.094816533,0.000976861,0.003663227,0.001037914,0.002503205,6.11E-05,0.000793699,0,0,0.000244215,6.11E-05,0.000793699,0.000366323,0.000366323,0,0.023994139,0.000122108,0,0.000244215,0.003907442,0.000732645,0,0.000427377,0.004579034,0.000366323,0.000305269,0.003113743,0,0.000183161,0,6.11E-05,0.001160022,0.000366323,0,0,0,0.021063557,0,0,0,0,0,0,0,0.002808474,0.009646499,0,0.002197936,0,6.11E-05,0.014591855,0,0.007631724,0.000122108,0,0,0.000122108,0.042798706,0.000122108,0.001465291,0,0,0.010623359,0,0,0,0,0,0,0,0.011661274,0,0,0.007998046,0,0.000366323,0.013553941,0.017949814,0.000183161,0,0.008486477,0,0.00048843,0,0.000610538,0.0975029,0.004579034,0,0,0.001221076,0.01031809,0.002686367,0,0,0,0.00402955,0.021857256,0,0,0,0.000427377,0,0,0,0,0.001404237,0,0,0,0.000183161,0,0.000244215,0.050186214,0.001465291,0.000122108,0.002136883,0.000183161,0.047621955,0.049941999,0.005922217,0,0.000305269,0.010195983,0.000366323,0.028634227,0.000366323,0.000122108,0.008608584,0.00177056,0.001709506,0.001037914,0,0,0,0,0,0.004334819,0,0,0,0,0,0,0.021674095,0,0,0.000183161,0,0.000793699,0.001465291,0,0.003785335,0.000183161,0,0,0
0,0,0,0,0,0,0,0,0,6.11E-05,0,0.000122108,0,0,0,0.007448562,0.000854753,0,0,0.502045302,0,0,0.00128213,0,0.038158618,0.003419012,0,0,0,0,0,0,0,0,0,0,0,0,0,0.012271811,0,0,0,0.000671592,0,0.001160022,0,0,0,0,0,0.006899078,0.000427377,0,0,6.11E-05,0.010073875,0.00402955,0,0,0.047988278,0,0,0,0,0.002808474,0.000366323,0,0,0,0,0,0.000671592,0.000122108,0,0,0.000854753,0,0,0,0.002136883,0,0.028878442,0.004151658,0.000122108,6.11E-05,0.009524391,0,0,0.003480066,0,0.011172843,0,0.000122108,0,0.000549484,0.152512363,0.004334819,0,0,0,0,6.11E-05,0,0,0,0,0,0,0,0.014469748,0,0.026802613,0,6.11E-05,0,0,0.00982966,0,0,0,0,0,0,0,0.000122108,0,0,0,0,0.011783381,0,0,0,0,0.005006411,0,0,0.002930582,0,0,0,0,0,0.000610538,0,0,0,0,0,0,0,0,0,0,0.001892667,0.016362415,0,0,0,0.008242261,0,0,0,6.11E-05,0.001343183,0,0.000305269,0,0,0,0,0,0,0,0.004884303,0,0.002564259,0,0.000183161,0,0.000549484,0.003724281,0,0,0,0,0,0,0,0.016545577,0,0,0,0,0,0.003052689,0,0,0,0,0,0,0,0,0,0,0,0.007814885,0,0,0.000305269,0.001648452,0,0,0
0,0,0,0,0,0.000244215,0,0,0,0,0.022956224,0,0,6.11E-05,0,0.001343183,0.000793699,0,0,0.266744001,0.001709506,0.000793699,0.000427377,0,0.019292997,0.008120154,0.011966543,0,6.11E-05,0.000122108,0,0,0,0,0,0.035899628,0,0.008669638,0,0.007021186,0,0.000793699,0,0.000671592,0,0,0,0,0.000305269,0,0,0.004395873,0,0,0,0.000122108,0.004151658,0.001037914,0,0,0.065327554,6.11E-05,0,0.000244215,0.000366323,0.00128213,0.003785335,0.000122108,0,0,0,0,0.002503205,0,0,0.011783381,0.000183161,0,0.002014775,6.11E-05,0,0,0.002869528,0.001709506,0.000427377,0.001343183,0.028695281,0.003296905,0,0.003724281,0,0.001953721,0.000671592,0,0,0.00048843,0,0,0,0,0,0,0,0,0.004823249,0,0,0,0,0,0.026192075,0,0,0,0,0,0,0.026985774,0,0.176811771,0,0,6.11E-05,0,0,0.000122108,0,0,0,0,0.004090604,0,0,0.001098968,6.11E-05,0.001160022,0.000183161,0.005128518,0.003785335,0.000549484,0.000427377,0,6.11E-05,0,0.002869528,0.005678002,0.002075829,0.005128518,0,0,0.000427377,0,0,0,0,0.004273765,0.009219122,0,0,0,0.015507662,0,0.000122108,0.000610538,0.000122108,0,0.000244215,0.001160022,0,0,0,0,0.004945357,0.011478112,0,0.006715917,0,0.089260639,0.028573173,0.000671592,0.001098968,0.000366323,0.014652909,6.11E-05,0,0.000244215,0,6.11E-05,0,0,0.004762195,0,0,0,0,0,0.001953721,0,0,0,0,0,0,0,0,0,0,6.11E-05,0.002869528,0.002014775,0,0.00048843,0.000122108,0,0,0
0,0,0,0,6.11E-05,6.11E-05,0,0,0,0,0.005189572,0,0,0,0,0.003174797,0.004823249,0,0,0.602051407,0,0,0.00177056,0,0.073875084,0.001160022,0.00402955,0,0,0,0,0,0,0,0,0,0,0,0,0,0,0,0,0,0,0,0,0,0,0,0,0.001343183,0.000122108,0,0,0.001831614,0,0.007936992,0,0,6.11E-05,0,0.000122108,0,0,0.013004457,0.002075829,0.020758288,0,0.000122108,0,0.000244215,0,0.000183161,0,0,0,0,0.000305269,0.000305269,0.001953721,0,0.010684413,0,0,0.000305269,0,0,0,0,0,0.000305269,0,0,0.000122108,0.00048843,0,0,0,0,0,0,0,0,0.003480066,0,0,0.000427377,0,0,0.037364918,0,0,0.061359057,0,0,0,0.052323097,0,0,0,0,6.11E-05,0,0,0,0,0,0,0,0.002808474,0,0,0.00048843,0,0.003785335,0,0,0,0.000183161,0,0,0,0,6.11E-05,0,0,0,0,0,0,0,0,0,0,0.010257036,6.11E-05,0,0,0,0,0,0,0,0.000305269,0,0,6.11E-05,0,0,0,0,0,0,0.00048843,0.021551987,6.11E-05,0.000305269,0,0.000549484,0,0.005250626,0.001648452,6.11E-05,0,0,0,0,0,0,0.005250626,6.11E-05,0,0,0,0,0.017827706,0,0,0,0,0,0.012943403,0,0,0,0,0,0.00225899,6.11E-05,0,6.11E-05,0.000122108,0,0,0
0,0,0,0,0.000183161,0.000549484,0,0,0.000366323,0,0.000122108,0,0,0,0,0.009890714,0,0,0.00048843,0.433298736,0,0.000183161,0.000122108,0,0.010134929,0.00128213,0,0,0.000122108,6.11E-05,0,0,0,0,0,0,0,6.11E-05,0,0,0,0,0,0.001098968,0,0.010501252,0,0,0,6.11E-05,0,0.002014775,0.006715917,0,0,0.001526345,0,0.00048843,0,0,0.091153306,0,0.000183161,0,0,0.002869528,0.004212711,0.000244215,0,6.11E-05,0,0.00048843,0.004212711,0.001037914,0,0,0,0,6.11E-05,0,0.014225533,6.11E-05,0.001465291,0.003419012,0,0.002014775,0.067098113,0.000305269,0,0.01257708,0,0.000244215,0.004945357,0,0,0.000183161,0,0.00048843,0,6.11E-05,0,0,0,0,0,0,0,0,0,0,0.013004457,0,0,0,0.000122108,0,0,0.007387508,0,0,0,0,0,0,0,0.006044325,0,0,0,0,0.010867574,0,0,0.000854753,0,0,0,0.002442152,0.005555895,0,0.000305269,0,0,0,0.008852799,0,0.000305269,0.003052689,0,0,0,0,0,0,0,0.128335063,0.013798156,0,0,0,0,0,0,0,0.000122108,0.00048843,0.00354112,0.031564809,0,0,0,0,0.001037914,0.049026192,0,0.001709506,0,0.007265401,6.11E-05,0,0,0.000671592,0.001098968,0.004456927,0,0,0,0,0,0,0.004762195,0,0,0.000183161,0,0,0.001587398,0,0,0,0,0,0,0,0,0,0,0,0.000366323,0.000122108,0,0.000122108,0,0,0,0
0,0,0,0,0,0.000183161,0,6.11E-05,0,0,0.001160022,0,0,0,0,0.000183161,6.11E-05,0,0,0.308199524,0,0.001160022,6.11E-05,0,0.002136883,0.000915807,0.000122108,0,0,0,0,0,0,0,0,0,0,0,0,0.00402955,0,0,0.001404237,0.000183161,0,0.002014775,0,0,0,0,0,0.001831614,6.11E-05,0,0,0.001221076,0,0.026558398,0,0,0.046706148,0,0,0,0,0.000854753,0.000549484,0.000122108,0,0,0,0.000244215,0.014469748,0.000122108,0,0.002197936,0,0,0,0,0.021368826,0,0.004640088,0.009890714,0,0,6.11E-05,0,0,0.004884303,0,0.00048843,0.000183161,0.000122108,0,0,0.324989316,6.11E-05,0,6.11E-05,0.000183161,0,0,0,0.000122108,0,0,0,0,0,0.030404787,0,0.016484523,0.000122108,0,0,0,0.008364369,0,0,0,0,0.000122108,0,0,0,0,0,0,0,0.020758288,0,0,6.11E-05,0,0,0,0,6.11E-05,0,0,0,0,0,0.000549484,0,0,0,0,0.000122108,0,0,0.000183161,0,0,0.045057696,0.001098968,0,0,0,0.029916356,0,0,0,0,0.001404237,0,0.004456927,0,0.000976861,0,0,0,0,0,0.000366323,0,0.021368826,0,6.11E-05,0,0.020941449,0.002197936,0.000549484,0,0,0,0.000183161,0,0,0.007387508,6.11E-05,0,0,0,0.00128213,0.000549484,0,0,6.11E-05,0,0,0,0,0,0,0,0,0.000793699,6.11E-05,0,0,0.000122108,0,0,0
0,0,6.11E-05,0,0.000244215,0.000732645,0,0,0,0.000122108,0.003968496,0,0,0,0,0.001037914,0.000183161,0,0.000122108,0.125160266,0,0,0.000366323,0,0.005067464,0.001343183,0,0,6.11E-05,0,0,0,0,0,0,0.00048843,0,0,0,0,0,0,0,0.001221076,0,0.001404237,0,6.11E-05,0,0.008425423,0,0.000732645,0,6.11E-05,0,0.002381098,0,0.001160022,0,0,0.049087246,0,0,0,0,0.000549484,0.000610538,0.000610538,0,0,0.000122108,6.11E-05,0.002136883,0.000854753,0,0,0.000244215,0,0,0,0,0.000122108,0.052506258,0.00531168,0.000976861,0.002686367,0.005739056,0,0,0.011356005,0,0.002808474,0.000183161,0,0,0,0.047988278,0.000122108,0,0,0,0.000183161,0,0,0,0,0,0,0,0,0.11264424,0,0.01837719,0,0.000244215,0.000549484,0,0,0,0,0,0,0.411563588,0,0,0.000183161,0,0,0,0,0.001953721,0,0,0,0,0.001343183,6.11E-05,0.004334819,0.002625313,0.000122108,0.011417058,0,6.11E-05,0.000183161,0.000976861,0,6.11E-05,0.00048843,0,0,0,0,0,0.000183161,0,0.002686367,0.013431833,0,0,0,0,0,0,0,6.11E-05,6.11E-05,0,0.002320044,0,0,0,0,0.000549484,0.030587948,0,0.000122108,0.000122108,0.002136883,0.000244215,0.000427377,0,6.11E-05,0.004884303,0.009402283,0,0,0,0,0,0,0.013004457,0.000305269,0,0,0,0,0.001953721,0,0,0,0,0,0,0,0,0,0,0,0.009646499,0,0,0.001892667,6.11E-05,0,0,0
1,0,0,0,0.000122108,6.11E-05,0,0,0,0,6.11E-05,0,0,0,0,0.014042371,0,0,0,0.360766836,0,0.000122108,0,0,0.029122657,0,0,0,0,0,0,0,0,0,0,0,0,0,0,0.00225899,0,6.11E-05,0,0.002014775,0,0,0,0,0,0.016667684,0,0,0.00048843,0.000305269,0,0.000122108,0.009646499,0.024909946,0,0,0.08492582,0,0.000183161,0,0,0.001953721,0.008913853,0.076927773,0,0.000305269,0,6.11E-05,0.000793699,0,0,0,0.000671592,0,0,0,0.000122108,0,0.00274742,0.032053239,0,0.000793699,0.015202393,0,0,6.11E-05,0,0,0,0,0,0,0,0,0,0,0,0.000305269,6.11E-05,0,6.11E-05,0,0,0,0,0,0.219671531,0,0,0,0,0,0,0.001953721,0,0,0,0,0,0,0,0,0.000915807,0,0,0,0.00982966,0,0,0.000122108,0,0,0,0,0,0,0,0,0,0,0,0,0,0.0161182,6.11E-05,0.000305269,0,0,0,0,0,0.001892667,0.013920264,0,0,0,0,0,6.11E-05,0,0,0,0.014042371,0.000122108,0,6.11E-05,0.00048843,0,0,0,0,0.005433787,0,0.003724281,0,0,0,0.014225533,0.000549484,0.00128213,0,0,0,0,0,0,0.006532755,6.11E-05,0,0,0,0,0.000549484,0.000610538,0,0,0,0,0,0,0,0,0,0,0.000549484,0,0,0,0,0,0,0
0,0,0,0.000244215,6.11E-05,0.000427377,0,6.11E-05,0,6.11E-05,0.021857256,0.002136883,0,0,0,0.001098968,0.000610538,0,6.11E-05,0.496000977,0,6.11E-05,0.000183161,0,0.019537212,0.001160022,0.037792295,0,0,0.000122108,0.000122108,0,0.000183161,0,0.000549484,0.002075829,0.000549484,0,0,0,0,6.11E-05,0,0.000183161,0,0,0.000122108,0,0.000671592,0,0,0,0.001465291,6.11E-05,0,0.005006411,0.011172843,0.035655412,0.000427377,0.000122108,0.012638134,0,0.001037914,0,0,0.018438244,0.008242261,0.006899078,0,0.000427377,0.000305269,0,0,0.000854753,0,0,0.003480066,0,0.000549484,0.001953721,0.000244215,0,0.001098968,0.000366323,0,6.11E-05,0.005922217,0,0,0.000122108,0,0.00757067,0,0,0,0,0,0.019476158,0,6.11E-05,0,0,0,0,6.11E-05,6.11E-05,0,0,0.000427377,0,0.054521033,0.000305269,0,0,0,0,0,0.140545821,0.000305269,0,0,0,0,0,0,0.000244215,0,0,0,0,0.004090604,0,0,0.003357958,0,0.001526345,0,0,0.000549484,0,0,0,0,0,0.000244215,0,0,0.010806521,0,0.006654863,0,0,0,0,0,0.00225899,0,0.001098968,0,0,0.002930582,0,0,0,6.11E-05,0,0.001953721,0.000183161,0,0.000122108,0.001098968,0,0.011111789,0,6.11E-05,0,0,0.000732645,0,0,0,0.001831614,0.001953721,0,0,0.000122108,0,0.000366323,0.000244215,0,0.000793699,0,0,0,0,0,0.017339276,0,0,0,0,0,0,0,0,0,0.000305269,0,0.000915807,0,0,0.001160022,0,0,0,0
0,0,0,0,0,6.11E-05,0,0,0,6.11E-05,0,0,0,0,0,0.003663227,0,0,0,0.432199768,0,0,0.000549484,0,0.003480066,0.00048843,0,0,0,0,0,0,0,0,0,0,0.000122108,0,0,0,0,0,0,0,0,0,0,0,0,0,0.000854753,6.11E-05,0.000305269,0,0,0.009646499,0,0.017705599,0,0,6.11E-05,0,0,0,0,0.019842481,0,0.060626412,0,0.000183161,0,0.000122108,0.000122108,6.11E-05,0,0,0,0,0,0,0.000671592,0,0.02240674,0,0,0,0,0,0,0,0,0,0,0,0,6.11E-05,0,0,0,0,0,0,0,0,0.002930582,0,0,6.11E-05,0,0,0.188656206,0,0,0,0.000366323,0,0,0.034800659,0,0,0,0,0,0,0,0,0,0,0,0,0.000427377,0,0,0.000183161,0,0.000366323,0,0,6.11E-05,0,0,0,0,0,0,0,0,0,0,0,0,0,0,0,0,0.00048843,0,0,0,0,0.068441297,0,0,0.000122108,0.000366323,0,0.001098968,6.11E-05,0,0,0.00048843,0,0,0,0,0.000244215,0,0.000122108,0,0,0,0.089565908,0.003907442,0,0,0,0,6.11E-05,0,0,0.003480066,0,0,0,0,0,0.016545577,0,0,0,0,0,0,0,0,0,0,0,0.013737102,0,0,6.11E-05,0,0,0,0
1,0,0,0,6.11E-05,0.000122108,0,0,0,0,0.024665731,0,0,0,0,0.001465291,0.001953721,0,0,0.32730936,0.000427377,0.000366323,0,0,0.013065511,0.002991636,0.000854753,0,0,0,0,0,0,0,0.000122108,0.062763294,0,0.000366323,0,0.000732645,0,0,0.000427377,0.00177056,0.002625313,0.001526345,6.11E-05,6.11E-05,0.00048843,0.014836071,0,0.000549484,0,0,0,0,0.001587398,0.02240674,0,0,0.095610233,0,0,6.11E-05,6.11E-05,6.11E-05,0.005250626,0,0,0.000366323,0.000122108,0.000183161,0.005433787,0,0,0,6.11E-05,0,0.000610538,0.000183161,0.017339276,0,0.001037914,0.015812931,0.000915807,0.002564259,0.01337078,0,0,0.002442152,0,0.000976861,6.11E-05,0,0,0.000244215,0,0,0,0,0,0.000244215,0,0,0.002136883,0,6.11E-05,0,0,0.000122108,0.018804567,0,0.011050736,0.03400696,0,0.000244215,0,0.005983271,0,0,0,0,6.11E-05,0,0,0,0.000183161,0,0,0,0.035899628,0,0,0.001343183,0.015690824,0.000244215,0.000610538,0.017766652,0.004334819,0,0.008913853,0,0.000183161,0.001526345,0.002808474,6.11E-05,0.03626595,0.010257036,0,0,0,0,0,0,0,0.00628854,0.02643629,0,0,0,0,0,6.11E-05,6.11E-05,0,0,0,0.000732645,0.000366323,0,0,0.000122108,0.0080591,0.00451798,0,0.004579034,0,0.028634227,0.003663227,0.002564259,0.003663227,6.11E-05,0.001160022,6.11E-05,0.005433787,6.11E-05,0.000976861,6.11E-05,6.11E-05,0.001160022,0.006227486,0,0.000122108,6.11E-05,0.006227486,6.11E-05,0.000915807,0,0.000244215,0,0.000244215,0,0,0.023933085,0.003235851,0,0,0,0.00225899,6.11E-05,0,0.001892667,0.000244215,0.000305269,0,0
0,6.11E-05,0,0,0.000122108,0,0,0,0,6.11E-05,0.008181208,0,0,0.000122108,0,0.000427377,0.000793699,0,0,0.537517553,0,0.000366323,0.000610538,0,0.090420661,0.002197936,0.004823249,0,0,0,0,0,0,0,0,0,6.11E-05,0,0,0.000366323,0.000549484,0,0,0,0,0.00048843,0,6.11E-05,0,0,0,0,6.11E-05,0.001221076,0,0.00402955,0,0.003724281,6.11E-05,0,0,0,0.00402955,0.000183161,0.000183161,0.009097014,0,0,0,0,0,0,0.000305269,0.000976861,0,0,0,0,0,0.001526345,0.001526345,0,0.00854753,0,6.11E-05,0,0,0,0,0.002869528,0,0.000305269,0,0,0,0,6.11E-05,0,0,0,0,0,0,6.11E-05,0.002381098,0,0,0.000671592,0,0,0.048049331,0,0,0.001343183,0.000366323,0,0,0.017522437,0,0,0,0,0,0,0,0,0,0,0,0,0,0,0,0.000549484,0,0.001037914,0,0,6.11E-05,0.000183161,6.11E-05,0,0.000122108,0,0.000122108,0,0,6.11E-05,0,0.000671592,0,0.00128213,6.11E-05,0,0,0.000244215,0,0,0,0,0.036021735,0,0,0,0,0,0,6.11E-05,0.000732645,6.11E-05,0.004395873,0,0,0,0.000244215,0,0,0,0,0,0,0.090970145,0.008242261,0,0,6.11E-05,0,0,0,0,0.016789792,0,0,0.000183161,0,0.058428475,0.017217168,0,0.000305269,0,0.000122108,0,0,0,0,0,0,0,0.004762195,0,0,0.000549484,0,0,0,0
1,6.11E-05,0,0,0.000122108,0.000305269,0.000183161,0,0,6.11E-05,0.01965932,0,0,0,0,0,0.00048843,0,0,0.689297271,0,0.000549484,0.000610538,0,0.023383601,0.000122108,0,0,0,6.11E-05,0,0,0,0,0,0.000366323,0,0.00048843,0,0,0,0,0,0,0,0,0,0,0,6.11E-05,0,0.001465291,0.001037914,0.001587398,0,0.001465291,0.015202393,0.015751877,0,0,0.037303865,0,0.000122108,0,0.001465291,0.009463337,0.005433787,0.002014775,0,0.000122108,0,0.000122108,0,0.000732645,0,0,0.002686367,0,0.000305269,0,0.000183161,0,0.002808474,0.001221076,0,0,0,0.000244215,0,0,0,0.000183161,0,0,0,0,0,0.032724831,0.010012821,0,0,0,0,0,0,0,0,0,0,0,0.027352097,0,0,0.000122108,0.000183161,0,6.11E-05,0.022956224,6.11E-05,6.11E-05,0,0,0,0,0,0,0,0,0,0,0.008852799,0,0,0.004395873,0,0.000305269,0,0,0,0,0,0,0,0,0.001587398,0,0,0,0,6.11E-05,0,0,0,0,0,0.009402283,0,0,0,0,0.005616949,0,0.000183161,0,0,0,0.001098968,0.000183161,0,0,6.11E-05,0,0,0,0.000183161,0.00128213,0,0.001709506,0,0.00048843,0,0.009402283,0.001404237,0,0,0,0,0,0,0,0.002381098,0,0,0,0,0,0.018499298,0.00048843,0,0,0,0,0,0,0,0,0,0,0.001221076,6.11E-05,0,0.000854753,0,0,0,0
0,0,0,0,0,0,0,0,0,0,0.000305269,0.000305269,0,0,0,0.001098968,0,0,0,0.562793821,0,0.000183161,0.000122108,0,0.009768606,0.000732645,0.000244215,0,0,0,0,0,0,0,0,0,0,0,0,0,0,0,0,0.00048843,0,0.000549484,6.11E-05,0,0,0,0,0.002075829,6.11E-05,0,0,0,0.002442152,0.001098968,0,0,0.048232493,0,0,0,0,0,0.001953721,0.148971244,0,6.11E-05,0,0,0.000671592,0.000122108,0,0,0,0,0,0,0.000183161,0,0.013004457,0.013126565,0.000366323,0,0.003296905,0,0,0.005128518,0,0.00048843,0,0,0,6.11E-05,0,0,0.000854753,0,0,0,0,0,6.11E-05,0,0,0,0,0,0.022712009,0,6.11E-05,6.11E-05,0,0,0,0.014286586,0,0,0,0,0,0,0,6.11E-05,0,0,0,0,0.000366323,0,0,0.000793699,0,0,0,6.11E-05,0.000915807,0,0,0,0,0,6.11E-05,0,0,0.084620551,0,0,0,0,0,0,0,0.000183161,0.00128213,0,0,0,0.033457476,0,0,0,0,0.000122108,0,0,0,0,0,0,0,6.11E-05,0,0.001221076,0,0.002686367,0,0.001221076,0,0.002136883,0.003602174,0,6.11E-05,0,0,0,0,0,0.005128518,0,0,0,0,0,0.000366323,0,0,0,0,0,0,0,0,0,0,0,0.005250626,0.000244215,0,6.11E-05,0,0,0,0
0,0,0,0,0,0,0,0,0,0,0.024726784,0,0.01434764,0,0,0.000427377,0.011172843,0.000793699,0,0.01562977,0.00628854,0,6.11E-05,0,0.011844435,0.001587398,0.000854753,0.005555895,0,0.000244215,0,6.11E-05,0,0.000854753,0,0.022895171,0.000183161,0,0,6.11E-05,0.001709506,0,0.000122108,0.000671592,0.000732645,0.000976861,0,6.11E-05,0.000610538,0,0,0.001587398,0,0,0,0,0.000549484,0.103180902,0,0,0.029794249,0,0,0.001709506,0.000244215,0,0.000366323,6.11E-05,0,0,0,0.000305269,0.00048843,0,0,0.002503205,6.11E-05,0,0.000122108,0,0.000610538,0,0.000976861,0.000122108,0.000549484,0.000976861,0.021063557,0.000122108,0,0.002869528,0,0.003785335,0,0,0,0.000793699,0,0,0,6.11E-05,0,0,0,0,0.008181208,0,0.001648452,6.11E-05,0,0,0.009158068,0,0,0.000671592,0,0.000549484,0,0.021796202,0,0.15165761,0,0,0.10733256,0.019109836,0,0.000244215,6.11E-05,0,0,0.029794249,0.002014775,0,0,0.000366323,0.000732645,6.11E-05,0.002503205,0.032053239,0.010989682,0.000366323,0.043287136,0,0,0.016667684,0.000427377,0.011233897,0.003052689,0.00048843,0,0,6.11E-05,0,0,0,0,0.005739056,0.002136883,0,0,0.121497039,0.007753831,0,0,0,0,0,0,0.000610538,0.000427377,0,0,0,0.00531168,0.001404237,6.11E-05,0.001098968,0,0.000305269,0.000305269,0,0.000244215,0,0.000732645,0,0.015751877,6.11E-05,0.017949814,6.11E-05,0,0,0.000427377,0,6.11E-05,0,0.013676049,0,0.001160022,0,0,0,0,0,0,0.022956224,0.007448562,0,0,0,0.002075829,0,0,0.000732645,0,6.11E-05,0,0
0,6.11E-05,0,0.023383601,6.11E-05,6.11E-05,0,0,0,0,0,0.002381098,0,0,0,0.004395873,6.11E-05,0,6.11E-05,0.398314915,0,0.000183161,0,0,0.035899628,0.000244215,0,0,6.11E-05,0,0,0,0,0,0,0,0,0,0,0,0,0,0,0,0,0,0,0,0,0.015446608,0,0,0.000854753,0,0,0.006838024,0,0.004884303,0,0,0,0,0.001648452,0,0,0.003113743,0.010440198,0.016789792,0,6.11E-05,0,0.00048843,0.006654863,0.000549484,0,0,0,0,0.000305269,0,0.000915807,0,0.019231943,0.015935039,6.11E-05,0.00531168,0.01917089,0.003968496,0,0,0,0,0.001221076,0,0,0,0,0.029794249,0,0,0,0,0,0,0,0,0,0,0,0,0,0,0,0,0.000183161,0,0,6.11E-05,6.11E-05,0,0,0,0.000122108,0,0,0,0,0,0,0,0.12699188,0,0,0.001465291,0,0.001160022,0,0,0,0,0,0,0,0,0.00354112,6.11E-05,0.000122108,0.014408694,0,0.000610538,0,0,0,0,0,0.028145796,0,0,0,0,0.080652054,0,0,0,0.000305269,0.000976861,0.00048843,0.046522987,0,0,0.000427377,0,0,0.012027596,0,0.013126565,0,0.017705599,0,0.002625313,0,0.002197936,0.005739056,0,0,0,0,0,0,0,0.00982966,0,0,6.11E-05,0,0,6.11E-05,0,0,0,0,0,0,0,0,0,0,0,0.00048843,0,0.000976861,0,0,0,0,0
0,6.11E-05,6.11E-05,0,0,6.11E-05,0.000122108,0,0,0,0.004945357,0,0,0,0,0.00274742,0.001465291,0,0,0.228951706,0.01208865,0.000122108,0.000183161,0,0.014042371,0.002014775,0.002686367,0,0.000122108,0.000122108,0,0,0,0,0,0.102936687,0,0.004212711,0,0.014652909,0,0,0.000183161,0.002625313,0.020330912,0.020025643,0,0.001526345,0,0.020453019,0,0.004212711,0.000122108,0,0,0.000183161,0.001526345,0.000122108,0,0,0.073020331,0,0,6.11E-05,6.11E-05,0,0.001037914,0,0,6.11E-05,0,6.11E-05,0.020453019,6.11E-05,0,0,0.000732645,0,0,0.000305269,0.000122108,0,0.002625313,0.017278222,0.000915807,0.002014775,0.012699188,0.002075829,0.002014775,0.005067464,0,0.000793699,0,0,0,0.00128213,0,0,0,6.11E-05,0,0.000122108,0.000183161,0,0.00274742,0,0,0.000976861,0,0.000122108,0.008181208,0,0.017583491,0.021185665,0,0.000671592,0,0.002320044,0,0,0,0,0,0,0,0,0,0,0,0,0.023139386,0,0,0.001221076,0,0.000244215,0.00128213,0.008913853,0.002564259,0,0.012027596,0.000183161,0.000183161,6.11E-05,0.006166433,0.073752976,0.015873985,0.016728738,0,0,0.000244215,0,0.000244215,0,0,0.008242261,0.030832163,0,0,0,0.004762195,0,0.00048843,0.000244215,0,0,0,0.000732645,0,0.000610538,0,0,0.002625313,0.007387508,0,0.000915807,0,0.049087246,0.003357958,0.000610538,0.001037914,0.000244215,0.001037914,0,0,0.000366323,0.000122108,0.000305269,0,0,0.009280176,0,0,0,0,0.016179254,0.002136883,0,0,0,0,0.002869528,0,0.019476158,0,0,0,0,0.006471702,0.007692777,0,0.000183161,6.11E-05,0,0,0
0,0,0,0,0,0,0,0,0.008303315,0,0.103364064,0,0,0,0,0,0.092618597,0,0,0.146101716,0,0,0.003296905,0,6.11E-05,0,0.07106661,0,0,0,0,0,0,0,0,0,0,0.00048843,0,0.001831614,0,0,0,0.000183161,0,0,0,0,0.003174797,0,0.000122108,0,0.000122108,0,0,0.002075829,6.11E-05,0.002930582,0,0,0,0,6.11E-05,0,0,6.11E-05,0,0,0,0.000183161,6.11E-05,0.000427377,0.00048843,0.000183161,0,0,0,0,0.007143293,0,0.033823799,0,0,0,0,0,0,0,0,0,0,0.001037914,0,0.000122108,0,0,0,0,0,0,0,0,0,0,0,0,0,6.11E-05,0,0,0.307161609,0,0,0,0,0,0,0.05012516,0,0,0,0,0,0,0,0,0,0,0,0,0,0,0,0,0,0,0,0,0,0,0,0,0,0,0,0,0,6.11E-05,0,0.005433787,0,0,0,0,0,0.001037914,0.000122108,0,0,0,0.074668783,0,0,0.000305269,0,0,0.005861164,0,0.000915807,0,0.007936992,0,0,0,0.000244215,0,0,0,0,0,0,0.06300751,0.000366323,0,0,0,6.11E-05,0,0.000183161,0,0,0,0,0,0,0,0.000549484,0,0,6.11E-05,6.11E-05,0,0,0,0,0,0,0,0,0.000244215,0,0.000183161,0.001953721,0,0,0
0,0,0,0,0,0.000122108,6.11E-05,0,0,0,0.027291043,0,0,0,0,0.003235851,0.000366323,0,0,0.500030527,0.001343183,0.001221076,0.000305269,0,0.032358508,0.000671592,0.002442152,0,0,6.11E-05,0,0,6.11E-05,0.01514134,0,0.013126565,0,0,0,0.002991636,0,6.11E-05,0.001160022,0.000793699,0,0.001098968,0,0,0,0,0,0.003357958,0.000244215,0.000244215,0,0,0.001098968,0.001953721,0,0,0.064778069,0,0,0.000183161,0,0.001892667,0.004212711,0,0,0.000122108,0,0,0.000244215,0.000122108,0,0,0,0,6.11E-05,0.000183161,0.000122108,0,0.00274742,0.00225899,0,0.000610538,0.001098968,0.000244215,0,0.003907442,0,0.004212711,6.11E-05,0,0,0,0.065571769,0,0,0,0,0,0,0,0.004456927,0,0,0,0,0,0.030099518,0,0,0.024116246,6.11E-05,0,0,0.024970999,0,0,0,0,6.11E-05,6.11E-05,0,0,0,0,0,0,0.006899078,0,0,0.010195983,0.003419012,0.001648452,0,0.001526345,0.00451798,0.000732645,0,0,0,0,0.000305269,0,6.11E-05,0.009707552,0,0,0,0,0,0,0,0.00177056,0.024360462,0,0,0,0,0,6.11E-05,0,0.000427377,0,0,6.11E-05,0,0,0.000244215,0,0.000244215,0.000976861,0.000122108,0.008303315,0,0.027779474,0,0.027046828,0,0.000366323,0.004456927,0,0,0.000122108,0,0,0,0,0.003663227,0,0,0,0,0.000671592,0.009280176,0,0,0,0,0,0,0,0,0,0,0,0.003724281,0,0,0,0,0,0,0
1,0,0,0,0,6.11E-05,0,0,0,6.11E-05,0.005067464,0,0,0,0,0.004945357,6.11E-05,0,6.11E-05,0.284388546,0,0.000122108,0,0,0.011966543,0.001343183,0.000549484,0,0,0,0,0,0,0,0,0,0,0.002686367,0,0.008730692,0,0,0,0.001465291,0,0.002869528,0,0,0,0,0,0.000976861,0,0,0,0,0.00128213,0.002381098,0,0,0.033274315,0,0,0,0,6.11E-05,0.004334819,0.000183161,0,0,0,0.000122108,0,0.000122108,0,0,0,0,0,0,0.000671592,0,0.067891813,0.005861164,0.000366323,0.004395873,0.000244215,0.000305269,0,0.003846389,0,0.000305269,0,0,0,6.11E-05,0,0,0,0,0,0,0,0,0.000244215,0,0,0,0,0,0.019415105,0,0.377190305,0.024299408,0.000122108,0,0,0.023383601,6.11E-05,0,0,0,0,0,0,0,0,0,0,0,0.000854753,0,0,0.000366323,0,0.000244215,0,6.11E-05,0.00128213,0,0,0,0,0,0.000305269,6.11E-05,0,0.052872581,0,0,0,0,0,0,0,0.001587398,0.012271811,0,0,0,0.006410648,0,0,0,0,0.001221076,0,0.000122108,0,0.000244215,0,0,0,0,0,0.001160022,6.11E-05,0.008120154,0,0.000244215,0,0.000244215,0.001831614,6.11E-05,0,0,0,0,0,0,0.006044325,0,0,0,0,0,0.00048843,0,0,0,0,0,0,0,0,0,0,0,0.007875939,0.000183161,0,0,0,0,0,0
0,0,0,0,0,0.000244215,0,0,0.000122108,0,0.042371329,0,0,0,0,0.008669638,0.001587398,0,6.11E-05,0.211490323,0,0.000549484,0.000244215,0,0.015873985,0.002869528,0.002014775,0,0,0,0,0,0,0,6.11E-05,0.013798156,0,0.000976861,0,0.001526345,0,0,0,0.001648452,0.000122108,0.001404237,0,0.000122108,0.001831614,0.005250626,0,0.001160022,0,0,0,0,0.005678002,6.11E-05,0,0,0.089138531,0,0,0.000183161,0.000366323,0.000244215,0.005494841,6.11E-05,0,0,0.000244215,0,0.003052689,0.000122108,0,0.002197936,0,0,0.000183161,0.000183161,0.000244215,6.11E-05,0.002625313,0.006532755,0.00128213,0.002320044,0.009097014,0.000915807,0.000183161,0.001221076,0,0.001098968,0.005861164,0,0,0.001343183,0,0,0,0,0,0.00048843,6.11E-05,0,0.003357958,0,0,0.00048843,0,0.000122108,0.053727334,0,0.038219672,0.001465291,0,0.001404237,0,0.001587398,0,0.154588192,0,0,0,0,0,0.002564259,0,0,0,0,0.012149704,0,0,0.005616949,0.00128213,0.000915807,0.002320044,0.014530802,0.009219122,0,0.015019232,0.000549484,0.000122108,0.003602174,0.003846389,0.012516027,0.007936992,0.000366323,0,0,0.000427377,0,0,0,0,0.08089627,0.00982966,0,0,0,0.020514073,0,0,0.000122108,0,0.000427377,0,0.008974907,0.00048843,0.000366323,0,0,0.003235851,0.023017278,0,0.005372733,0,0.018255083,0.001648452,0.003113743,0.002503205,0,0.001831614,0.000183161,0.001343183,0.00048843,0.000244215,0.000122108,0,0,0.007753831,0,0,0,0,0,0.001648452,0,0,0,0,0,0,0,0,0,0,6.11E-05,0.003907442,0.000305269,0,0.000610538,0,0.000244215,0,0
0,0,0,0,0,0.000122108,0,6.11E-05,0,0,0.00580011,0.000366323,0,6.11E-05,0,0.000183161,0.000427377,0,0.000122108,0.245558337,0,6.11E-05,0.000122108,0,0.001892667,0.00225899,0.001465291,0,0.000183161,0,0,0,0,0,0,0.009280176,0,0.000122108,0,0,0,0,0,0.000305269,0.001037914,0.002930582,0,0,0,0.000183161,0,0.007753831,0.000244215,6.11E-05,0,0.000122108,0.000732645,0.000610538,0,0,0.150192319,0,0,0,6.11E-05,6.11E-05,0.002136883,0.00048843,0,0.000183161,0,0.00048843,0.062824348,0,0,0,0.000366323,0,0,0.000122108,0.00628854,0,0.006044325,0.026314183,0.000122108,0.003052689,0.022223579,6.11E-05,0.014408694,0.007509616,0,0.000427377,0,0,0,0.000183161,0,0.00048843,0,0,0,6.11E-05,6.11E-05,0,0,0,6.11E-05,0,0,0,0.01660663,0,0,0.011966543,0,0,0,0.012454973,0,0,0,0,6.11E-05,0,0,0.001953721,0.000183161,0,0,0,0.025032053,0,0,0,0.000122108,0.000183161,0.001709506,0.003235851,0.003663227,0,0.00225899,0,0,0.000305269,0.003052689,0.002320044,0.004273765,0.032602723,0,0,0,0,0,0,0,0.152084987,0.007204347,0,0,0,0.003174797,0,0,0.000427377,0,0.000854753,0,0.043165028,0,0,0,0,0.001526345,0.016911899,6.11E-05,0.000244215,6.11E-05,0.050979913,0.000976861,0.000671592,6.11E-05,6.11E-05,0.002869528,6.11E-05,0,0,0,0,0,0,0.00531168,0,0,0,0,0,0.000610538,0,0,0,0,0,0,0.000610538,0,0,0,0,0.002808474,0.000732645,0,6.11E-05,0.000122108,6.11E-05,0,0
0,0,0,0,0,6.11E-05,6.11E-05,0,0.000366323,0,0.054765248,0.000427377,0,0,0,0.012332865,0.000366323,0,0,0.381036693,0,0.000244215,0.000122108,0,0.005983271,0.001343183,0,0,0,6.11E-05,0,0,0,0,0,0,0,0.001892667,0,0,0,0,0.002625313,0.000244215,0.014836071,0,6.11E-05,0.000549484,0,0.010257036,0,0.001221076,0,6.11E-05,0,0.000183161,0.00177056,0.000671592,0,0,0.060137982,0,0.000122108,0.000122108,0.00048843,0.000976861,0.002381098,0,0,0,6.11E-05,0,0.000671592,0.000183161,0.000854753,0,0.000122108,0,0,0.000244215,0.000244215,0,0.006960132,0.019720374,0,0.00531168,0.001587398,0.004090604,0,0.008425423,0,0.00048843,0,0,0,0,0.100738751,0,0,0,0,0,0,0,0,0,0,0,0,6.11E-05,0.016301361,0,0,0.025520484,0,0.002014775,0.000122108,0,0.002503205,0,0,0,0,0,0,0,0,0,0,0,0.02240674,0,0,0.000854753,0,0.000305269,0.018132975,0.018804567,0.001648452,0,0.003907442,0,0.000183161,0.003602174,0.027901581,0.041211307,0.010257036,0.003968496,0,0.001160022,0,0,0,0,0,0.004701142,0.023566762,0,0,0,0,0,0,0.000549484,0,0.000122108,0,0.000610538,0,0,6.11E-05,0,0.000427377,0.005189572,6.11E-05,0.00934123,0,0.020514073,0,0.000427377,0.001953721,0.000305269,0.002014775,0,0.004945357,0,0,0.00048843,0,0,0.006227486,0,0,0,0,0,0.003724281,0,0,0,0,0,0,0,0,0,0,0,0.005983271,0.000244215,0,0.001404237,0.000671592,0.000122108,0,0
0,0,0,0,6.11E-05,0.000122108,0,0,0,0,6.11E-05,0.000549484,0,0,0,0.019598266,0,0,0,0.66188412,0,0,0,0,0.046767202,0.002320044,0,0,0,0,0,0,0,0,0,0,0,0,0,0,0,0,0,0,0,0,0,0,0,0,0,0.001343183,0,0,0,0.000366323,0,0.118200134,0,0,0.006349594,0,0,0,0,0.000244215,0.008852799,6.11E-05,0,6.11E-05,0,0.000183161,6.11E-05,0.000122108,0,0,0,0,0,0,0.00354112,0,0.001037914,0.010195983,0.000122108,0,6.11E-05,0,0,0.005555895,0,0,0,0,0,0,0,0,0,0,0,0,0,0,0,0,0,0,0,0,0.011233897,0,0,0,0.000122108,0,0,0,0,0,0,0,0,0,0,0,0,0,0,0,0.000732645,0,0,0,0,0,0,0,6.11E-05,0,0,0,0,0,0,0,0,0,0,0,0,0,0,0,0,0.005189572,0,0,0,0,0.025337322,0,0,0.000305269,0,0,0,0.001098968,0,0,0,0,0,0.001526345,0,0.005128518,0,0,0,0.000122108,0,0.016484523,0.002320044,0.026924721,0,0,0,0,0,0,0.005006411,0,0,0,0,0,0,0,0,0,0,0,0,0,0,0,0,0,0.009951768,0.000610538,0,0,0.000122108,0,0,0
0,0,0,0,0.000122108,6.11E-05,0,0,0,0,0.00225899,0,0,0,0,0.004762195,0,0,0,0.5850174,0,0,0.001526345,0,0.003724281,0,0,0,0,0,0,0,0,0,0,0,0,0.000366323,0,6.11E-05,0,0,0,0,0,0,0,0,0,0,0,0,0.002014775,0,0,0.014164479,0,0.019292997,6.11E-05,0,0,0,0.000610538,0,0,0.006166433,0.005739056,0.114231638,0,0,0,0,0.000854753,6.11E-05,0,0,0.002014775,0,0.000610538,0.000305269,0.001404237,0,0.017583491,0.042371329,0,0.008364369,0.00580011,0,0,0.010257036,0.000122108,6.11E-05,0,0,0,0,0,0,0,0,0,0,0,0,0,0,0,0,0,0,0.018987728,0,0,0,6.11E-05,0,0,0.048537762,0,0,0.000122108,0,0.000122108,0,0,0,0,0,0,0,0.030343733,0,0,0.001526345,0,0,0,0,0,0,0,0,0,0,0.00048843,0,0,0,0,0.001160022,0,0,0,0,0,0.001404237,0,0,0,0,0.005189572,0,0,0,0.001587398,0,0.00354112,0.000610538,0,0,0.001587398,0,0,0,0,0,0,0.000366323,0,0.000122108,0,0.00934123,0.002686367,0,0,0,0,0,0,0,0.012027596,0,0,0,0,0,0.005128518,0,0,0,0,0,0,0,0,0,0,0,0.003052689,0.001098968,0,0.000915807,0,0,0,0
0,0,0,0,6.11E-05,0.000183161,0,0,0,0,0.025032053,0,0,0,0,0.002075829,0.001648452,0,0,0.428353379,0,0,0,0,0.004762195,0.000976861,0.008364369,0,0,0.000122108,6.11E-05,0,0,0,0,0.002442152,0,0.000854753,0,0,0,0,0,0.00177056,0,0,0,0,0,0,0,0.002136883,0,0,0,0.003357958,0,0.00225899,0,6.11E-05,0.183527688,0,0.003174797,0,0,0.001709506,0.013431833,0,0,6.11E-05,0,0,0.003357958,0.000244215,0,0,0,0,0.000122108,0.000183161,0.002136883,6.11E-05,0.003113743,0.0080591,0.001526345,0.000915807,0.034922767,0,0.071005556,0.003602174,0,0.000671592,0.00048843,0,0,0.000183161,0,0,0,0,0,0,0,0,0,0,0,0,0,0,0.029427926,0,0,0.012271811,0,0,0,0.016484523,0.000183161,0,0,0,0,0,0,0,0,0,0,0,0.012943403,0,0,0.000549484,0,0.003296905,0,0.000305269,0.000549484,0,0,0,0,0,0.005372733,0,0,0,0,0,0.000732645,0,0,0,0,0.004395873,0.006838024,0,0,0,0,0,0.00048843,0.008181208,0.000183161,0,0,0.000366323,0,0,0.000305269,0,0,0.007387508,0.000854753,0.000366323,0,0.011111789,0,0.000854753,0,0.011844435,0.027352097,6.11E-05,0,0,0,0,0,0,0.006227486,0,0,0,0,0,0.008242261,0,0,0,0,0,0,0,0,0,0,0,0.005616949,0,0,0.000183161,0,0,0,0
0,0,0,0,0.000122108,6.11E-05,0,0,0,0,0.019781427,0,0,0,0,0.000610538,6.11E-05,0,0,0.555223152,0,6.11E-05,0.000366323,0,0.003968496,0.000305269,0.002442152,0,0,6.11E-05,0,0,0,0,0,0,6.11E-05,0,0,0,0,0,0,0,0,0,0,0,0.003968496,0,0,0.000183161,6.11E-05,6.11E-05,0,0.000610538,0,0.000610538,0,0,0.059161121,0,0,0,0,0.008181208,0.001221076,0.029794249,0,0.000305269,0,6.11E-05,0.000183161,0.000122108,0,0,0.00048843,0,0,0,0.000183161,0,0.011172843,0.039990231,0,0.000305269,0.003846389,0,0.003235851,0.003357958,0,0.00048843,0,0,0,0,0.021674095,0,0,0,0,0,0,0,0,0,0,0,0,0,0.045546126,0,0,0.000305269,0,0,0,0.026069968,6.11E-05,0,0,0,0.001587398,0,0,0,0,0,0,0,0.048476708,0,0,0.000976861,0.004334819,0.001831614,0.001343183,0,0,0,0,0,0,0,0.00128213,0,0.00757067,0.006899078,0,0,0,0,0,0,0,0.003296905,0.006654863,0.003113743,0,0,0.037487026,0,0,6.11E-05,0.000366323,0,0.000427377,0,0,0,0.000122108,0,0.001831614,0.004945357,0.000244215,6.11E-05,0,0,0,0.000366323,0,0.003052689,0.004762195,0,0.001404237,0,0,0,0,0,0.00128213,0,0,0,0,0.007509616,0.00354112,0,0,0,0,0,0,0,0,0,0,0,0.000610538,0.000122108,0,0,0,6.11E-05,0,0
0,0,0,0,0,6.11E-05,0,0,0.003480066,6.11E-05,6.11E-05,0.002686367,0,0,0,0.005372733,0.000854753,0,0,0.199401673,0,0.000793699,0.001037914,0,0.023383601,0.000427377,0,0,0,6.11E-05,0,0,0,0,0,0.000183161,0,0,0,0,0,0,0,0.001587398,0.001404237,0,0,0,0,0,0,0.001465291,6.11E-05,0,0,0.000305269,0.004151658,0.018316137,0,0,0.022040418,0,0,0,0,0.010806521,0.003357958,0.092252274,0,6.11E-05,6.11E-05,0,0,6.11E-05,0,6.11E-05,0,0,0.000549484,0,0.000122108,0,0.0080591,0.001160022,0,0.000427377,0.002320044,0,0,0.001404237,0,0.001465291,0.000244215,0,0,0.000183161,0,0.002320044,0,0,0,0,0,0,0,0,0,0,0,0,0.07607302,0,0,0.000976861,6.11E-05,0,6.11E-05,0.029122657,0,0,6.11E-05,0,0.346113926,0,0,0,0,0,0,0,0.006471702,0,0,0.003968496,0,0.004579034,0,0,0,0.000183161,0,0,0,0.000366323,0.000183161,0,0.000915807,0,0,0.000305269,0,0,0.000305269,0,0,0.00225899,0.013920264,0,0,0,0.042005006,0,6.11E-05,0,0.000305269,0,0.017705599,6.11E-05,0,0,0.001343183,6.11E-05,0.000244215,0,0.000976861,0.011294951,0,0.00354112,0,0.003235851,0,0.000793699,0.004090604,0.000122108,0,0,0,0,0,0,0,0,0,0,0,0,0.010806521,0.000183161,0,0,0,0,0,0,0,0,0,0,0.004212711,6.11E-05,0,0.000854753,0,0,0,0
0,0,6.11E-05,0,0,0.000244215,0,0,0.008364369,0,0.04609561,0,0,0,0,0.001709506,0,0,6.11E-05,0.310214299,0.050186214,0.00402955,0.003663227,0,0.029183711,0.003113743,0.003357958,0,0,0.000122108,0,0,0,0,0,0.001465291,0,0,0,0.012943403,0,0,0,0.002320044,0,0.011233897,0,0,0,0,0.001098968,0.001098968,0.000671592,6.11E-05,0,0.000915807,0.011478112,0.000305269,0,0,0.072592954,0,0,0.000244215,0.002014775,0.003357958,0.00225899,6.11E-05,0,0.000183161,0.000122108,0.00048843,0,0,0,0,0.000366323,0,0,6.11E-05,0.001037914,0,0.01031809,0.007448562,0.000305269,0.000610538,0.002075829,0,0,0.011539166,0,0.018438244,0.006593809,0,0,0,0,0,0,0,0,0,0,0,0,0.000366323,6.11E-05,0,0,0,0.079308871,0,0,6.11E-05,0,0,0,0.071860309,0,0,0,0,0.008120154,0,0,0.001648452,0,0,0,0,0.007326455,0,0,0.000610538,0,0.002381098,0,0.030526894,0.003235851,0.00177056,0,0,0.000122108,0,0.00628854,0,0,0,0,0.000122108,0,0,0,0,0,0.023078332,0.001343183,0,0,6.11E-05,0.035838574,0,0,0,0.000305269,0,6.11E-05,0.000610538,0,0.002381098,0,0,0.000549484,0.027840528,0.000122108,0.004762195,0,0.014591855,0,0.001831614,0,0.000244215,0.002930582,0.000122108,0,0,0,0.000549484,0,0,0.011050736,0,0,0,0,0,0.00757067,0,0,0,0,0,0,0,0,0,0,6.11E-05,0.002991636,0.000732645,0,0.002197936,6.11E-05,0.000183161,0,0
0,0,0,0,0,0.000244215,0,0,0,0,0.022528848,0.000427377,0,0,0,0.006166433,0.000183161,0,6.11E-05,0.433909274,0.008181208,0.000122108,0.000244215,0,0.047011417,0.001526345,0.000793699,0,0,0,0,0,0,0,0,0.001953721,0,6.11E-05,0,0,0,0,0,0.000122108,0,0.00628854,0,0,0.000976861,6.11E-05,0,0.001098968,0.00177056,0,0,0,0.002136883,0.003907442,0,0,0.064594908,0,0,0.000244215,0.001037914,0.003296905,0.005494841,0,0,0.000244215,0.000305269,6.11E-05,0.011783381,0,0,0,0.000183161,0,0,6.11E-05,0.007265401,0,0.003296905,0.002564259,0.003480066,0.002197936,0.003052689,0.000305269,0,0.005861164,0,0.00580011,0,0.000671592,0,0.000183161,0,6.11E-05,0,0,0,0,6.11E-05,0,0.006166433,0,0,0,0,0,0.045729288,0,0,0.002686367,0,0,0,0.012332865,0,0,0,0,6.11E-05,0,0,0,0,0,0,0,0.054093657,0,0,0.000122108,0.000793699,0.002014775,0.00128213,0.003174797,0.005067464,0.001160022,0.000671592,0,0,0,0.01562977,0.000427377,0.00128213,0.02722999,0,0,0,0,0,0,0,0.033579584,0.005861164,0,0,0,0.035411197,0,0,0.000122108,0.000183161,0,0,0.004395873,0,0.000610538,6.11E-05,0,0.000244215,0.003480066,6.11E-05,0.009035961,0,0.028634227,0,0.002320044,0.001648452,0.000976861,0.002564259,0.007509616,0,0,6.11E-05,6.11E-05,0,0,0.014286586,6.11E-05,0,0,0,0,0.002808474,0,0,0,0,0,0,0,0,0,0,0,0.003785335,0,0,0.000427377,0,0,0,0
1,6.11E-05,0,0.000122108,0,6.11E-05,0,0,0,0,0.05238415,0.000427377,0,0,0,0.001221076,0,0,0,0.235728677,0,0.000244215,0.000244215,0,0.019109836,0.002014775,0.005555895,0,0.000732645,0,0,0,0,0,0,0.000366323,0,0.000976861,0,0.001831614,0,0,0,0.001160022,0,0.005372733,6.11E-05,0,0,0.006532755,0,0.008303315,0,0,0,0.000915807,0.01160022,6.11E-05,6.11E-05,0,0.034251175,0,0,0.000793699,0,0.000244215,0.004212711,0.00177056,0,0.000122108,0,6.11E-05,0.003052689,6.11E-05,0,0.006349594,0,0,0.000610538,0,0.033701691,0,0.001098968,0.009097014,0.000671592,0.000976861,0.007448562,0,0,0.009035961,0,0.002808474,0.000366323,0,0,0.000122108,0,0.000183161,0.001037914,6.11E-05,0,0,6.11E-05,0,0.003419012,0,0,0,0,0,0.004395873,0,0.01208865,0.00225899,0,0,0,0.003357958,0,0,0,0,0.288662311,0,0,0.002686367,0,0,0,0,0.018010868,0,0,0.000366323,0,0.000610538,0.000976861,0.006349594,0.037914403,0,0,0,0,0,0.001343183,0,0.014530802,0,0,0,0,0,0,0,0,0.038769156,0.007631724,0,0,0,0.008669638,0,0.000122108,0,0.000183161,0,0,0.017522437,0.009768606,0,0,0,0.00177056,0.007998046,0,0.003663227,0,0.02191831,0,0.001098968,0,0.000366323,0.002442152,0,0,0,0,0,0,0,0.004762195,0,0,0,0,0,0,0,0,0,0,0,0,0,0,0,0,0,0.002869528,6.11E-05,0,0,0,6.11E-05,0,0
0,0,0,0,6.11E-05,0.000122108,0,0,0,0,0,0,0,0,0,0.004212711,0.000366323,0,6.11E-05,0.23658343,0,0.010257036,0,0,0.006654863,0.003724281,0,0,0,0,0,0,0,0,0,0,0,0,0,0.090664876,0,6.11E-05,0,0,0,0,0,0,6.11E-05,0.000244215,6.11E-05,0,0.001404237,6.11E-05,0,0.001648452,0.010928628,0.002442152,0,0,0.056963185,0,0,0,0,0.005433787,0.0080591,0,0,0,0,0,0.033274315,0,0,0.010928628,0.000122108,0,0.000610538,0,0,0,0.00177056,0.052689419,0.000366323,0.001343183,0.000305269,0,0,0.003663227,0,0.003113743,0.005861164,0,0,0,0,6.11E-05,0,0,0,6.11E-05,0,0,0,0,0,0,0,0,0.036571219,0,0,0,0,0,0,0,0,0,0.000122108,0,0.316686,0,0,0,0,0,0,0,0.011722327,0,0,0.001037914,0,0.000549484,0.000305269,0.000122108,0,6.11E-05,0,0,0,0,0.002564259,0,0,0.016667684,0,0,0,0,0,0,0,0.004701142,0.000122108,0,0,0,0.014836071,0,0,0.001587398,0.000366323,0,0,0.001831614,0,0,6.11E-05,0,0,0.00048843,6.11E-05,0.000976861,0,0.000244215,0,0.001098968,0,0.001953721,0.00354112,6.11E-05,0,0,0,0,0,0,0.013981318,0,0,6.11E-05,0,0,0.003968496,0,0,0,0,0,0,0,0,0,0,0,0.005006411,0.003357958,0,0.000366323,0.000671592,0,0,0
0,0,0,0,0,0,0,0,0.001587398,0,0.009035961,0,0,0,0,0.007387508,0.000793699,0,0,0.203309115,0.001343183,0.000183161,0.000366323,0,0.035472251,0.001098968,0.002564259,0,0,0.000122108,0,0,6.11E-05,0,0,0.010745467,6.11E-05,0,0,0.001037914,0,0,0,0.003419012,0.003480066,0.000183161,0,0.000122108,0.00225899,0,0.000122108,0.000671592,0.000122108,0.000122108,0,0,0.013676049,0.001160022,0,0,0.051040967,0,0,0.000122108,0.000305269,0.000183161,0.000427377,6.11E-05,0,0,6.11E-05,0.000183161,0.000244215,6.11E-05,0,0,0.000305269,0,0,6.11E-05,0.001221076,0,0.011844435,0.039257586,0.000854753,0.001526345,0.004395873,0,0.0564137,0.008242261,0,0.00354112,0,0,0,0.000549484,6.11E-05,0,0,0,0,0.000122108,0,0,0.001648452,0,0,0,0,6.11E-05,0.005678002,0,0.009158068,0,0,6.11E-05,0,0.024238354,0,0,0,0,0.32150925,0,0,0.003235851,0,0,0,0,0.006227486,0,0,0.000549484,0.002503205,0.000610538,6.11E-05,0.005067464,0.002503205,0.000854753,0.002075829,0,0.000183161,0.000183161,0.005189572,0.020208804,0.001709506,0,0,0,0.000915807,0,0,0,0,0.001526345,0.027962635,0,0,0,0.024726784,0,0,0.000427377,6.11E-05,0,0,6.11E-05,6.11E-05,0,0,0,0.002197936,0.002014775,0,0.001892667,0,0.010440198,0,0.000671592,0,6.11E-05,0.000366323,0,0,0.000244215,0.000183161,0.00048843,0,0.000305269,0.016667684,0,0,0,0,0,0.001037914,0,0,0,0,0,0,0,0,0,0,6.11E-05,0.007692777,0.000610538,0,0.003968496,0.000183161,6.11E-05,0,0
0,0,0,0,0,6.11E-05,0,0,0.02368887,0,6.11E-05,0,0,0,0,0.002808474,0.000671592,0,0,0.644605898,0,0.000244215,0.00274742,0,0.006838024,0.000183161,0.002869528,0,0,0.000122108,0,0,0,0,0,6.11E-05,0,0,0,0,0,0,0,0,0,0,0,0,0,0,0,0.000427377,0.000183161,0.000610538,0,0.001037914,0.001160022,0.022895171,0,0,0,0,6.11E-05,0,0,0.005433787,0,0.047438794,0,0,6.11E-05,0,0,0.000122108,0,0,0,0,0.000183161,0,0,0,0.018865621,0.010806521,0,0,0.002014775,0,0.000183161,0.004701142,0,0,0,0,0,0,0,0,0,0,0,0,0,0,0,0,0,0,0,0,0.065999145,0,0,0.003907442,0,0,0,0.042188168,0,0,0,0,0.000610538,0,0,6.11E-05,0,0,0,0,0,0,0,0.000854753,0,0.002503205,0,0,0,0,0,0,0,0,0.000244215,0,0,0,0,6.11E-05,0,0,0,0,0,0.000183161,6.11E-05,0,0,0,0.05140729,0,0,0,0.000915807,0,0.002381098,0,0,0,0.00048843,0,0,0,0.000305269,0.004823249,6.11E-05,0.000122108,0,6.11E-05,0,0.016850846,0.000122108,6.11E-05,0,0,0,0,0,0,0.001587398,0,0,0,0,0,0.002014775,0,0,0,0,0,0,0,0,0,0,0,0.000732645,6.11E-05,0,6.11E-05,0.000122108,0,0,0
0,0,0,0,0,0.000122108,0,0,0,0,0.001465291,0,0,0,0,0.000183161,0,0,0,0.5608401,0,0.000366323,0.000915807,0,0.008181208,0.000183161,0,0,0,0,0,0,0,0,0,0,0,6.11E-05,0,0.008181208,0,0,0,0,0,0,0,0,0,0.002197936,0,0.000915807,6.11E-05,0,0,0.001221076,0,0.005678002,0,0,0,0,6.11E-05,0,0,0.001037914,0.000427377,0.021368826,0,0,0,6.11E-05,0.000366323,0.000244215,0,0,0,0,0,0,0.126137127,0,0.002320044,0.002075829,0,0,0,0,0,0.001526345,0,0.000244215,0,0,0,0,0.098540814,0,0,0,0,0,0,0,0,0,0,0,0,0,0.035838574,0,0,0,0,0,0,0.023749924,0,0,0,0,0,6.11E-05,0,0,0,0,0,0,0,0,0,0.000122108,0,6.11E-05,0,6.11E-05,0,0,0,0,0,0,0.000183161,0,0,0,0,6.11E-05,0,0,0,0,0,0.000427377,6.11E-05,0,0,0,0,0,0.000122108,0,0.00048843,0.000122108,0,0.000549484,0,0.00048843,0.000122108,0,0,0,0,0.000305269,0,0,0,0,0,0.054215764,0.001892667,0,0,0,0,0,0,0,0.034678552,0,0,0,0,0,0.000183161,0,0,0,0,0,0,0,0,0,0,0,0.000732645,0.000427377,0,0,6.11E-05,0,0,0
0,0,0.000122108,0,0,0,0,0,0,0,0.010867574,0,0,0,0,0,0.000183161,0,0,0.394102204,0.015812931,0.000610538,0.000549484,0,0.011722327,0.000183161,0.00354112,0,0,0,0,0,0,0,0,0,0,0,0,0,0,0,0.001709506,0,0,0,0,0,6.11E-05,0,0.000915807,6.11E-05,6.11E-05,0.00177056,0,0.003602174,6.11E-05,0.002930582,0,0,0.074424568,0,0.001404237,0,0,0.004640088,0,0,0,0,0,6.11E-05,0.000122108,6.11E-05,0,0,0,0,6.11E-05,0,0.00128213,0,0.028512119,0.007998046,0,0,0,0,0,0,0,0,0,0,0,0,0,0.013614995,0,0,0,0,0,0,0.002320044,0,0,0,0,0,0.066365468,0,0,0,0,0,0,0.027291043,0,0,0,0,0.000183161,0,0,0,0,0,0,0,0,0,0,0.001098968,0,0.001831614,0,0,0,0,0,0,0,0,0,0,0,0,0,0,0,0,0,6.11E-05,0,0.000305269,0,0,0,6.11E-05,0.024360462,0,0,0,0.000732645,0,0,0.000244215,0,0,0.000854753,0,0,0,0.001404237,0,0,0,0,0,0,0.139630014,0.034800659,6.11E-05,0,0,0,0,0,0,0.042798706,0,0,0,0,0.064045424,0.002991636,0,0,0,0,0,0,0,0,0,0,0,0.007021186,0,0,0.000366323,0.000122108,0,0,0
0,0,0,0,0,6.11E-05,0,0,0.002197936,0,0.004884303,0.000305269,0.040417608,0,0,0.000549484,6.11E-05,0,0.000183161,0.079064656,0,0,0.000366323,0,0.010073875,0.000610538,0,0,0,0,0,0,0,0,0,6.11E-05,0,0.000183161,0,0.005372733,0,0,0,0.000549484,0,0,0,0,0.000671592,0,0,0.001404237,0,0,0,0,0.002808474,0.000183161,0,0,0.021063557,0,0.000122108,0,0,0.00177056,0.003785335,0.001160022,0,6.11E-05,0,6.11E-05,0.007387508,0.000122108,0,0.004273765,0.000244215,0,0,0,0.000122108,0,0.016362415,0.00177056,0,0.000305269,0.002808474,0,0,0.008364369,0,0.001465291,0.012699188,0,0,0,0.012393919,0.000366323,0,0,0,0,0,0,0,0,0,0,0,0.000244215,0.01562977,0,0,0.000183161,0,0,0,0.028756334,0,0,0,0,0.541424995,0,0,0.001343183,0,0,0,0,0.008730692,0,0,0.000976861,0,0.000427377,0,0.000305269,0.000122108,0,0,0,0,0,6.11E-05,0,0.004701142,0,0,0,0,0,0,0,0,0.050796752,0.000183161,0,0,0,0.038341779,0,0,0,0,0,0.000915807,0.008974907,0,0,0,0,0.004640088,0.006532755,0,0.003113743,0,0.007509616,0,0.000305269,0,0.003174797,0.005250626,0.000244215,0,0,0,0,0,0,0.008364369,6.11E-05,0,0,0,0,0.000854753,0,0,0,0,0,0,0,0,0,0,0,0.010684413,0.000427377,0,0,0,0,0,0
1,0,0,0,0,0,0.000122108,0,0,0,0.00177056,0.000244215,0,0,0,0.013981318,0,0,0,0.433542951,0,0.000732645,0.000793699,0,0.07204347,0.004701142,0.00048843,0,0,0,0,0,0,0,0,0,0,0.000122108,0,0.006044325,0,0,0.00225899,0.001465291,0,0.001160022,0,0,0.000305269,0,0,0.009463337,0,0,0,6.11E-05,0.022650955,0.000732645,0,0,0.062946456,0,0.000122108,0,0,0.000427377,0.017522437,6.11E-05,0,0.000122108,0,0.000122108,0.000183161,6.11E-05,0,0,0.000183161,0,6.11E-05,0,0,0,0.017278222,0.00854753,0.000366323,0.002564259,0.000122108,0,0,0.015324501,0,0.000244215,0,0,0,0.000549484,6.11E-05,0,0.002381098,0,0,0,0,0,0.002320044,0,0,0,0,0.00048843,0.046950363,0,6.11E-05,0.064472801,0,0,0,0.005983271,0,0,0,0,0.000122108,0,0,0.002991636,0,0,0,0,0.009219122,0,0,0.000549484,0,0.000915807,0.001465291,6.11E-05,0,0.000122108,0,0,0,0,0.001892667,0,0,0.010806521,0,0,0,0,0,0,0,0.001098968,0.002564259,0,0,0,0.011905489,0,0,0,0,0.000366323,0.000122108,0.000305269,0,0,0,0,6.11E-05,0,6.11E-05,0.020697234,0,0.088894316,0,0.003663227,0,0.002930582,0.009402283,0,0,0,0,0,0,0,0.005128518,0,0,0,0,0,0.001037914,0,0,0,0,0,0,0,0,0,0,0,0.001160022,0,0,6.11E-05,0.000183161,0,0,0
0,0,6.11E-05,0,0,0.000122108,0.000122108,0,0.000671592,0,0.054337872,0,0,6.11E-05,0,0.002808474,0.015446608,0,0,0.241284572,0.016850846,6.11E-05,0.000305269,0,0.026069968,0.002014775,0.004151658,0,0,0,0,0,0,0,0,0.008242261,0,6.11E-05,0,0.000854753,0,0,0.000671592,0.001587398,0.026069968,0.000610538,0,0.000610538,0.00048843,0,6.11E-05,0.003296905,0,0,0,6.11E-05,0.004212711,0.015263447,0,0,0.07155504,0,0.000122108,0.000244215,0,0.000305269,0.001648452,0.000915807,6.11E-05,0,0,6.11E-05,0,0,0,0,0.000122108,0.000122108,6.11E-05,0.000122108,0.022162525,0,0.001465291,0.004579034,0.001587398,0.002381098,0.0161182,0.000122108,0,0.000915807,0,0.00177056,0,0,0,0.000305269,0,0,0,0,0.000183161,0.000183161,0,0,0.017034007,0,0,0.000183161,0,0.000671592,0.023933085,0,0,0.004395873,0,0.000183161,0,0.041333415,0,0,0,0,0.116124306,0,0,0,0,0,6.11E-05,0,0.004151658,0,0,0.001587398,0.001221076,0.000183161,0.005128518,0.028817388,0.005494841,0.000244215,0.024909946,0,0.000244215,0.001892667,0.007936992,0,0.012821296,0.003419012,0,0,0,0,6.11E-05,0,0,0.008852799,0.024787838,0,0,0,0,0.000305269,0,0,0,0.000427377,0,0.004151658,0.000610538,0,6.11E-05,0,0.016362415,0.001648452,0.000122108,0.008608584,0,0.016789792,0.004395873,0.004273765,0.000610538,0.000305269,0.007082239,0.000549484,0.02063618,0.000183161,0.001831614,0.000122108,0,0.001343183,0.0080591,0,0,6.11E-05,0,0,0.001343183,0,0,0,6.11E-05,0,0,0.005250626,0,0.00048843,0,0,0.002930582,6.11E-05,0,0.002075829,0,0,0,0
0,0,0,0,0,0,0.000122108,0,0,0,0.001404237,0,0,0,0,0.000305269,0.000183161,0,0,0.53617437,0,0,0,0,0.034861713,0.006532755,0,0,0,0,0,0,0,0,0,0.000610538,0,0,0,0,0,0.000366323,0,0.000244215,6.11E-05,0.000610538,0,0,0,0,0.000671592,0.000854753,0,0.003174797,0,0.000671592,0.004701142,0.100311374,0,0,0.105867269,0,0.000183161,0.000183161,0.000305269,0.005616949,0.000122108,6.11E-05,0,0,0,0,6.11E-05,6.11E-05,0,0,0.000183161,0,0,0,0.00048843,0,0.059893766,6.11E-05,0.001098968,0.000305269,0.012943403,0,0,0.00354112,0,0,0,0,0,0,6.11E-05,0,0,0,0,0,0,0,0,0,0,0,0,0,0.030404787,0,0,0,6.11E-05,0,0,0.012027596,0,0,0,0,6.11E-05,0,0,0,0,0,0,0,6.11E-05,0,0,0.000854753,0.000610538,0.002320044,0,0.00225899,0.002320044,0.000122108,0.003724281,0,6.11E-05,0,0,0,0,0.005067464,0,0.001526345,0,0,0,0,0,0.00225899,0.017583491,0,0,0,0,0,0,0,0.000427377,0,0,0,0,6.11E-05,0.00048843,0,0,0,0,0,0,0,0,6.11E-05,0,0.00402955,0.001709506,0,0,0,0,0,0,0,0.009768606,0,0,0,0,0,0.014652909,0,0,0,0,0,0,0,0,0,0,0,0.002014775,0,0,0.002564259,0,0,0,0
